strain_1_mm/mm,stress_1_MPa,strain_2_mm/mm,stress_2_MPa
-0.00059394188,5.004679677556216,0.35151806,791.025243954179
-0.00059469896,5.8759278744166314,0.3515301812348035,746.9484089944846
-0.00057279688,6.77276919813322,0.35153872304456435,747.8596096733135
-0.00057978648,7.630258803563852,0.3515402687053782,748.7338141705558
-0.00058192784,8.557887568943572,0.35155111544793166,749.5920661858294
-0.00057152528,9.422591429783624,0.3515797779651291,750.4501060670344
-0.0005832342799999999,10.28661900721256,0.3516123724265023,751.3022910479423
-0.00057522304,11.152341535850656,0.35156529756382027,752.1521849809079
-0.00056584724,12.038577428935088,0.3516078710283426,753.0375901569793
-0.00054951332,12.92210861264319,0.3516035594481776,753.9002121340687
-0.0005432726,13.801857445905812,0.3516413061122636,754.8178616885872
-0.00055441892,14.70003012303776,0.35166362328506734,755.7203224437845
-0.00053328008,15.561437420449723,0.3516698330451792,756.5833686890114
-0.00052233864,16.423933814170557,0.3517342626959467,757.4475604582096
-0.00052045444,17.279252015273652,0.35171294884682913,758.3302503182011
-0.00052599952,18.15613067458634,0.3517442688159522,759.188969028426
-0.00051987764,19.010619007212558,0.3517476313061438,760.0386508273228
-0.0005207044,19.86076622825626,0.35176918920696876,760.9158676283411
-0.0005021474,20.736711073398386,0.3517666944561815,761.8176919813322
-0.0005180415599999999,21.604587187102247,0.3517659623010591,762.7588035638523
-0.00050478256,22.453912176495542,0.35182545668396475,763.6260500636403
-0.00050022832,23.31195460330929,0.3518364118939438,764.5086550700042
-0.00049608928,24.161575731862538,0.3518681114990562,765.3799745439118
-0.00048692732000000003,25.03898005939754,0.35190067884357296,766.2326686465846
-0.00047874936,25.892925753075943,0.3519084342644987,767.0980059397539
-0.00047064696000000003,26.817829868476878,0.35190423115175923,768.01506151888
-0.00047911507999999996,27.6727055579126,0.35192256214667456,768.8747984726348
-0.0004657352,28.542742469240558,0.3519234570029352,769.7416631310989
-0.00045305911999999997,29.392104794229954,0.35196180023786167,770.648663555367
-0.00047620412,30.255310988544757,0.3519712097870268,771.5156979210861
-0.00046604564,31.149329656342807,0.35197571118518645,772.3831989817564
-0.00044069652,32.01187781077641,0.3520233555018525,773.240135765804
-0.00045807844,32.88627577428935,0.35201725420916613,774.0904115400934
-0.00045161952,33.785504454815445,0.35205188243476804,774.6121764955452
-0.00044217504,34.63504539669071,0.35203471746467724,774.9421722528638
-0.00043390872,35.50570683071701,0.35206221395705023,775.8030547305897
-0.00042097959999999997,36.374904963937205,0.35204561844094345,776.685787017395
-0.00041564271999999997,37.32589308442936,0.35206793561374716,777.5444633008062
-0.0004208956,38.214502333474755,0.3520897104494232,778.3948239287229
-0.00040441748,39.11152991090369,0.3521119462716578,779.2578277471362
-0.00042784931999999997,39.960693254136615,0.3520999335042798,780.1422571064913
-0.0004054696,40.81426347051337,0.3521606481457228,781.016716164616
-0.000394532272,41.689741196436145,0.3521605667951536,781.9227831989816
-0.00039685830399999997,42.57256682223165,0.3522064756330111,782.7897327110734
-0.00039482858,43.4294654221468,0.3522249964459211,783.6956724649978
-0.00040259063999999997,44.29984302078914,0.3522513269134696,784.5448027153161
-0.000378820708,45.16256682223165,0.3522057163610323,785.4452694102673
-0.00037814047199999997,46.01170980059398,0.35225496057222505,786.373058973271
-0.000372657852,46.9128595672465,0.3522949308185345,787.2297836232499
-0.00037576015999999995,47.76165040305473,0.352295391805093,788.1064064488758
-0.00037647623599999997,48.62000848536275,0.3523418158632218,788.9704285108188
-0.000371028708,49.47462452269834,0.3523887822584782,789.8404327535002
-0.00036244072,50.37285532456512,0.3523656786968394,790.7008909630887
-0.000366769544,51.229694526941024,0.35242932195877175,791.5639372083157
-0.000352946072,52.09915570640645,0.35243775530110705,792.4130674586338
-0.00035387013199999996,52.96262621977089,0.3524496053673467,793.3074246924057
-0.000338941252,53.819266016122185,0.3524750680954909,794.1806533729317
-0.00033870227599999995,54.67240135765804,0.35249198901387424,795.0407721680102
-0.00032693821999999997,55.54658464149342,0.3524973039177255,795.9040729741196
-0.00033336334000000004,56.15262197708952,0.35253646065834343,796.7660161221893
-0.000329680184,56.41820534577853,0.35257019402768464,797.6421722528638
-0.000329975224,57.28898175647009,0.35257282436275383,798.5315655494272
-0.000320243648,58.161718285956724,0.35260254443735034,799.4160373355961
-0.000309960952,59.02223589308443,0.35261878743432407,800.3353415358506
-0.000320460832,59.89382265591854,0.3526298511117286,801.21404327535
-0.00030668755999999997,60.74927450148494,0.35264734148409604,802.0843869325414
-0.000299022848,61.612774713619004,0.35268883027436304,802.9717861688587
-0.000300564656,62.46174798472635,0.3527400268992153,803.0391599490879
-0.000295409096,63.31531183708103,0.3527097644874912,803.8852778956301
-0.000300240928,64.19420449724225,0.3527631033439978,804.7697072549851
-0.000301618056,65.04785744590582,0.3527616932674658,805.6445905812474
-0.00028293507200000004,65.90041154009334,0.35281587274652026,806.5036487059822
-0.000290349816,66.7634280865507,0.35284556570426034,807.4011455239711
-0.00028506593600000004,67.65356385235468,0.3528650356071438,808.3123462028001
-0.00027300272,68.51064488756894,0.35289678944596903,809.1658464149342
-0.00025477869600000003,69.37288926601612,0.3529340480066401,810.0302078913874
-0.000268376804,70.23575307594399,0.35296344267895996,810.9362749257531
-0.000253642312,71.08720407297412,0.35304392550870656,811.8662706830717
-0.000243522244,71.95077641069156,0.35314062421857056,812.7375901569792
-0.00024456974,72.81470937632584,0.3532365365395994,813.6504030547306
-0.000244479588,73.74609249045398,0.3533605148069853,814.5282138311413
-0.0002337154,74.60910903691133,0.3534192228010559,815.1753924480272
-0.0002294657,75.47246924056003,0.3534425704144022,815.3834535426389
-0.00024227472,76.32543487484091,0.35410671646094993,815.3886720407297
-0.00021714508399999998,77.1943657191345,0.3543428771631949,814.5175222740772
-0.000224283244,78.06235468816291,0.35478615641449807,814.342978362325
-0.000211053936,78.911472210437,0.3551593114751931,813.6350021213407
-0.00020367402400000003,79.78464997878659,0.3554656234849025,813.3592278319899
-0.000217876548,80.65018243529912,0.3560899077525663,812.7834111158252
-0.000198336096,81.52098430207892,0.35614574135986016,813.0272804412389
-0.0001878147,82.37083156554942,0.3568374381324937,812.2183283835384
-0.00019491596,83.22901994060247,0.3573028989723186,811.8992363173526
-0.000195288864,84.11441238862962,0.3575153866589406,812.3012728044123
-0.000180470628,84.99378447178617,0.35819545030018557,811.4017819261774
-0.00017875032400000001,85.85242681374629,0.3586176597540786,811.0149766652524
-0.00017405344,86.70447178616885,0.3588973701276757,811.1211285532456
-0.000156723,87.55834535426389,0.358901491889846,810.1187102248621
-0.000167427788,88.41441238862961,0.35957618639352695,810.3894357233772
-0.00015173109199999999,89.26876962240135,0.35986736719737433,810.9871446754349
-0.00016428628800000002,90.12058124734833,0.36026332753428797,810.8871871022486
-0.000141413808,90.98630038184132,0.36094629267916595,810.699830292745
-0.00015816440800000002,91.83704285108188,0.36100806487800785,810.1283411115825
-0.000127573936,92.72596521001272,0.3614367281437202,810.9964361476453
-0.00013048876,93.57978362324988,0.36162765792951723,810.8184980907934
-0.00015754666000000002,94.48192617734408,0.36218753966326994,810.14416631311
-0.00014628458,95.34736529486635,0.362311029827241,810.4359355112431
-0.00011808107599999999,96.20067882901994,0.36260451556388096,811.0324565125159
-0.000129705052,97.10312685617309,0.3627694131675498,810.1784471786168
-0.000116887588,97.95534153585066,0.36299413055640084,810.586465846415
-0.000114068036,98.29771743742045,0.363679509101497,810.4635977938057
-0.00010772256,98.81986847687737,0.36435743051108754,809.9639372083155
-0.000106826164,99.72585065761562,0.36503589425780586,810.191302503182
-9.095044e-05,100.59105642766228,0.3651654585976068,809.2897327110734
-0.00010362448,101.44330080610945,0.3653286749561798,808.4409418752653
-8.940838399999999e-05,102.31096733135342,0.36567636728873065,809.318073822656
-9.664410800000001e-05,103.18316928298685,0.36571498169222094,809.1447178616886
-8.0361672e-05,104.10331353415359,0.3662296596263821,810.2025880356384
-9.2658464e-05,104.96711921934661,0.36639718756512013,810.4233347475605
-6.444062e-05,105.82162918964785,0.36646281035756856,809.3312685617309
-5.8546164e-05,106.67812049215104,0.36669205626143564,808.4716164616037
-7.021214399999999e-05,107.53014849384812,0.3669027813523928,809.3269410267288
-5.5473568e-05,108.40123462028002,0.3670792307368811,809.2389478150191
-3.8824386399999995e-05,109.30930844293593,0.367536990389493,810.220067882902
-6.4611704e-05,110.20306745863385,0.3675742760670205,809.3510394569367
-6.7518596e-05,111.11649978786592,0.3677592130275568,809.6639372083156
-5.068578e-05,111.98341960118795,0.3679990887391264,810.210352142554
-3.5992281199999995e-05,112.86450148493849,0.3683340903828896,809.3522274077217
-4.2488348e-05,113.71699618158677,0.3684381377608336,809.7241832838354
-5.2372288e-05,114.61428510818838,0.3685489372360171,810.2014000848536
-1.2648539999999999e-05,115.47557488332627,0.36878086770866625,809.3323292320747
-1.1303430799999999e-05,116.33608400509121,0.3691181200515094,809.7490453966907
-1.78860652e-05,117.2105685193042,0.36979693631736066,809.638268985999
-2.08398256e-05,118.06315231226135,0.3701225284119588,810.2173949936359
6.483711200000001e-07,118.91560458209588,0.3704369483617269,809.2874840899448
1.60292804e-05,119.77821807382264,0.37047786769800983,809.437632583793
-1.35336776e-07,120.64383538396267,0.3705357079526761,808.3805260924904
1.0677016000000002e-05,121.49779804836658,0.37110790073922695,809.2574883326263
1.69082628e-05,122.41281289775138,0.3711596397012069,809.6066185829444
1.3889962400000002e-05,123.3021722528638,0.37183783227936135,809.6951209164191
1.8885716399999998e-05,124.15399236317353,0.3725162689092233,809.732626219771
3.73146332e-05,125.01202375901569,0.3732030575308513,809.3133644463301
2.2717688799999998e-05,125.88205345778532,0.37376342736801893,808.4062367416207
4.6049392e-05,126.73339838778108,0.3738944017843518,808.6437844717861
3.362634e-05,127.61731862537124,0.37401832581802497,809.3778956300382
4.2542172000000004e-05,128.47528213831143,0.3741222647285434,808.5240560033941
4.7135316e-05,129.3238481120068,0.37457880412261807,808.7716588884175
5.8996968e-05,130.19432329232075,0.37476829671502687,809.3837081035214
4.2688667999999996e-05,131.08651675859142,0.37526014225611304,808.9939753924481
5.171002e-05,131.9572422571065,0.3757004928869267,808.5179465422146
6.0635068e-05,132.8358167161646,0.3759412363379005,808.6260500636402
7.648005599999999e-05,133.72621128553246,0.37596762103916176,809.403182011031
7.3547812e-05,134.62361476453117,0.37622268219030613,808.5437844717861
6.9065308e-05,135.48226134917266,0.37661970008461876,808.374077216801
0.0001040594,136.33271531607974,0.3768661109585768,807.6633432329232
9.877884800000001e-05,137.2626941026729,0.3771844899693769,808.542299533305
0.00010471224,138.1520746711922,0.37730003489442754,808.8428510818837
9.150445599999999e-05,139.0549809079338,0.3776493542383614,809.4089944845142
0.0001082151,139.9143317776835,0.3779487243328366,808.5165040305474
0.000103287984,140.34952481968605,0.37799579919551857,808.614891811625
0.000102761416,140.76728892660162,0.3783545552054739,807.6537123462028
0.00010400817600000001,141.6166864658464,0.37868665534560414,807.0725922783199
0.000103215248,142.47005939753925,0.378668053182125,806.748663555367
0.000118335952,143.33025880356385,0.37880135964810685,807.6257106491303
0.000128976192,144.18517607127703,0.37907770753151243,808.4757318625371
0.000126002972,145.0442681374629,0.3793698103084768,808.5252015273652
0.000125239492,145.89843869325412,0.37969130775776105,809.348324140857
0.000143605156,146.7632965634281,0.3799326477795753,808.4801442511667
0.000151029116,147.63717013152313,0.38004979259915256,808.5383114128128
0.00014420958399999999,148.5133092914722,0.3807417876572063,808.5030971574035
0.000149004544,149.37305473058973,0.3814233156086959,808.8142554094187
0.000166959128,150.2570258803564,0.3814533068518562,807.6272804412389
0.0001729271,151.13015273652948,0.3821085585695101,807.6805685193042
0.00017236262400000001,151.9849978786593,0.3821691105098147,808.4929995757319
0.000188856348,152.86843869325415,0.38279390999774976,808.5062367416206
0.00015866002,153.72795502757742,0.38348018339910656,808.5726347051336
0.00019132247200000002,154.60420873992365,0.3839202357445,807.6366567670767
0.000193726084,155.4729953330505,0.3840459223738381,808.5103945693678
0.000183216984,156.32823504454817,0.384164314568809,808.244972422571
0.00019961236,157.18925328807805,0.3848433748863678,808.125413661434
0.00021053329199999997,158.04835383962666,0.38552178439937324,808.1284683920237
0.000214289204,158.9671064913025,0.3859461089680642,807.6578701739498
0.000197060948,159.8208018667798,0.3862003837303734,807.6474331777683
0.00022520093200000002,160.68669070852778,0.38688275230441094,807.71404327535
0.00022617314,161.54014425116674,0.38756625978641657,807.393466270683
0.000220099652,162.43534577853202,0.38825264165519885,807.6311837081034
0.000232365708,163.3274374204497,0.388936040669779,807.6299533305048
0.000234676116,164.18834959694527,0.3896250528736305,807.3450572761985
0.00023534432,165.06848112006787,0.39031110934013613,807.4233771743742
0.000246192516,165.92547730165464,0.39099599978181737,807.5008485362748
0.000246945488,166.7844463300806,0.3913360722777244,806.7929147221043
0.000239301008,167.68659312685617,0.3914787340591587,805.9029698769623
0.00027363766,168.5379380568519,0.3916740567756899,805.7544760288503
0.000247563236,169.38801866779806,0.39185712267313577,806.7527365294866
0.00026146894399999997,170.2477428935087,0.3923613877344456,807.4145948239286
0.00027481476,171.09952906236742,0.3930431597376427,806.7368264743318
0.000264600944,171.9567034365719,0.3937339887708719,806.5746711921935
0.00026512239199999997,172.8411752227408,0.3944250347389522,806.4593126856173
0.000279926544,173.71881629189647,0.3945634662907906,805.8876113703861
0.00028796927999999997,174.57954179041153,0.39498326234446546,806.7452694102673
0.000305646248,175.45204921510395,0.3951059118858886,806.8790411540093
0.000286531968,176.37854051760712,0.3956173629141401,807.6395417904115
0.000306807216,177.235922783199,0.3957860297608463,807.1453542638948
0.000320575388,178.102605006364,0.39592419014412084,806.7807382265592
0.00030536862,178.97407297411962,0.39630130426584786,805.9256682223165
0.00033251050800000003,179.85136614340263,0.3964644121569954,805.7548154433601
0.00033024110000000003,180.70967755621555,0.3970444417150411,806.8181162494698
0.000311105308,181.5746627068307,0.39714471984994776,806.7832414085702
0.00033458325999999994,182.47244378447178,0.3978240784529267,806.2563003818412
0.00031532246799999996,183.32613915994907,0.39789845998998696,805.9534153585066
0.000344199052,184.17977089520576,0.3985053623527089,806.0174798472634
0.000332966672,185.06151463725075,0.3991834464634378,806.4753075943996
0.00035851221599999996,185.97627916843444,0.3998639982080976,806.0277471361901
0.000356433356,186.83384811200676,0.4005429229413744,806.4322868052609
0.00035755206,187.6984811200679,0.40123700599736967,806.1443360203649
0.00036507666,188.57432329232074,0.4019154697440879,805.7623249893933
0.00036973025600000003,189.4324098430208,0.402598163720402,805.702842596521
0.000375729984,190.28359779380568,0.4032818067866896,805.5739075095461
0.00036488715599999996,190.18067882901994,0.40331280135353603,805.0902418328383
0.000370019152,191.15077641069155,0.40396547696983354,805.4073398387782
0.00039153117600000003,192.01627916843444,0.40449021525771306,804.2409418752651
0.00037726894,192.90660161221894,0.40464453728739225,803.887781077641
0.00038293290799999995,193.7678574459058,0.4047004251283989,803.3817988969028
0.00040708216,194.64119219346628,0.40491923104255834,804.254179041154
0.00039637837600000003,195.49041154009333,0.4052367151970978,805.1168434450573
0.00041182895999999995,196.34308867204072,0.40532517038262117,805.2660585490029
0.00039133548800000004,197.33061094611796,0.4060040679990416,805.2460755197285
0.0004086854,198.20800593975392,0.4064101429233864,804.2577428935086
0.00040930548,199.0565422146797,0.4065098244874526,805.1271955876115
0.00042363092,199.9577386508273,0.4066889313238664,804.8217225286381
0.00042519244,200.8167373780229,0.4070118388496826,804.2759864234196
0.00041642928,201.68142978362326,0.40737886550083496,804.5339414509971
0.00043974739999999996,202.59646584641493,0.4080588749083671,804.1535850657616
0.00044159167999999996,203.46389478150192,0.40874251797465466,804.3939753924479
0.00043855288,204.31296987696223,0.4094249136655486,803.7468816291896
0.00045326788,205.20370810352142,0.41010687548674035,804.0208315655494
0.0004388612,206.05445905812473,0.4107857731031607,803.9167585914297
0.00045078611999999996,206.92946966482816,0.4109030535070199,803.4093763258379
0.00046126144,207.79149342384386,0.4110530639565341,802.5018667798049
0.00046982999999999997,208.64423419601187,0.4114692263514536,802.6577428935087
0.00048525392,209.50045820958846,0.41162653123533505,803.3624098430208
0.000476669,210.3607000424268,0.4121599740341137,803.2724225710649
0.0004895674,211.2607339838778,0.4121602452026775,802.5093338990242
0.0004928765999999999,212.11944420873994,0.41284098676533204,802.9395417904116
0.00048839616,212.9743614764531,0.4129300114048395,803.3735256682223
0.00048303572000000004,213.85134068731438,0.41323409983232545,802.5234196011879
0.00051707296,214.7779550275774,0.41353062265688034,803.0630886720407
0.00051952064,215.63287229529064,0.41420870676760924,803.1020364870599
0.00050679232,216.48370810352142,0.41489609196007776,802.5722952906237
0.00050214,217.3395163343233,0.4155771860418652,802.3186253712347
0.0005231938399999999,218.20079338141704,0.41583715534401505,801.6675859142979
0.00051376476,219.0591472210437,0.4162601240698868,802.0904963937209
0.0005151027200000001,219.91781501909207,0.4169450687452808,801.6892660161221
0.00053586788,220.77967331353415,0.4173128004346991,800.8179465422146
0.00052208308,221.66763258379297,0.41763511138967485,800.4420025456088
0.0005209397999999999,222.54995333050488,0.41760981136266895,799.923589308443
0.0005666317600000001,223.4197454391175,0.41812687558019185,800.7873992363174
0.0005402489600000001,224.29699618158676,0.4183159885366112,801.2068307170131
0.0005477057199999999,225.17126007636827,0.4186559796819492,801.6820534577853
0.0005640304,226.02723377174374,0.4189978690072339,801.1389902418329
0.0005686018,226.87753075943994,0.41899187618197314,800.7969028425965
0.0005840544,227.7524607551973,0.41967676662365433,800.507212558337
0.00057238048,228.62034365719134,0.4203579962897237,800.5009333899025
0.00056200252,229.51495545184554,0.4205677722907074,799.9460755197284
0.0005804716,230.3791938905388,0.4210409614346017,799.9459058124734
0.00057885988,231.26729741196434,0.42172552647400624,799.6439117522274
0.0005952816400000001,232.12329232074669,0.42221216557866675,799.0815443360203
0.00060027456,232.9999193890539,0.42240442409042667,799.0836656767076
0.00060908872,233.8807721680102,0.42308307765513964,799.0269834535426
0.0006076257999999999,234.76079762409842,0.42376099906473025,798.634620280017
0.00061010628,235.6229656342809,0.424073412367126,798.2308442935935
0.0006272188,236.48368264743317,0.4244403305508528,797.9428086550699
0.00063441224,237.3349766652524,0.4251232143451616,797.5606279168435
0.00063019716,237.8708824777259,0.4252823360584207,797.3579550275774
0.000627646,238.1991302503182,0.42580585408776295,796.8352991090369
0.0006483289600000001,239.04924056003392,0.425859436995977,796.4623249893932
0.0006269706,239.9148493848112,0.4260148165830551,795.5731014000849
0.000648655,240.7661391599491,0.42649036489345477,795.8618158676284
0.00065642828,241.6166228256258,0.4266414600172243,796.4320746711921
0.00065347456,242.47348748408993,0.42705409722081394,795.581247348324
0.0006459786,243.3671022486211,0.4271808142906946,795.8185405176071
0.00066194244,244.23134068731437,0.4278624235927534,795.3353839626644
0.00064769992,245.09378022910477,0.42854492775107283,795.1915146372507
0.0006588176,245.9676707679253,0.4285579167252806,794.7066610097581
0.0006784422800000001,246.8207042851082,0.429223662666355,794.0784896054306
0.0006824064400000001,247.6858336868901,0.42921783254223245,793.8521001272804
0.00069323076,248.60084853627492,0.42948775373067505,794.704836656767
0.00068741956,249.48107764106916,0.42973351380007985,793.8476028850233
0.00069061616,250.34490453966907,0.4297902964973472,792.9820958845991
0.0007099304400000001,251.1982265591854,0.42990275010077006,792.9128128977515
0.00069198816,252.0634577853203,0.43058685415361614,792.732583792957
0.0006891901200000001,252.9542978362325,0.43061958419927115,792.1271955876113
0.0007062859200000001,253.80815867628343,0.4306980603816454,791.2656342808656
0.00071926116,254.71299957573186,0.43128096432646773,792.0977513788714
0.00070112424,255.59986423419602,0.43127068703789834,792.1157403478999
0.00072635116,256.4729062367416,0.43196135336998925,791.476750106067
0.00071856968,257.33919813322024,0.43193917178146746,791.236953754773
0.00072205,258.20726771319477,0.4321893790153192,790.3646584641493
0.0007215511199999999,259.08091217649553,0.4326407933235374,790.2747136190072
0.0007461644,259.96400509121764,0.43318378125576307,789.5146796775563
0.00076221936,260.8537844717862,0.43333964894625615,789.6328383538396
0.00074931508,261.7050997030123,0.43393822643406826,788.65753075944
0.0007634295600000001,262.59438268985997,0.43402331912940006,788.621892235893
0.0007594408,263.4493848112007,0.4346676698707877,787.7791684344506
0.0007553055999999999,264.30440390326686,0.4347085620902142,787.6435299109038
0.0007829046800000001,265.15784896054305,0.43521632522599757,786.9152312261349
0.0007975059600000001,266.0638311412813,0.4353876224077729,786.591132795927
0.00077895588,266.9517267713195,0.43552768097099437,786.0281714043276
0.00079910612,267.8520364870598,0.4360693130604009,785.5636826474332
0.00081176052,268.7056894357234,0.4362968234854595,785.1698345354264
0.00081926464,269.5816546457361,0.43660953507327543,784.2885871871023
0.00079019748,270.4964191769198,0.4367542035020821,784.2065337293169
0.00081148184,271.35268137462873,0.4369979026904017,783.4308442935935
0.00082601964,272.2049469664828,0.4373672071574903,782.5282562579549
0.000834497,273.08487059821806,0.4374347552467419,782.8452269834536
0.00084516592,273.940407297412,0.4381155510431092,782.0598218073823
0.0008413954,274.8074416631311,0.43827139161674583,781.6716164616038
0.0008566226,275.6616334323292,0.43873568643174626,780.7853627492575
0.0008610846799999999,276.54820534577857,0.4387946113606679,780.7082308018669
0.00084721484,277.4649809079338,0.4391130988388936,779.9026304624523
0.00085425488,278.31430632159527,0.43947443095020533,779.3186677980484
0.00086918608,279.16451845566394,0.43944576843300787,779.0530759439965
0.0008652342000000001,280.02585914297833,0.44002577087419714,778.1801018243531
0.00087322884,280.87920237590157,0.4401525964115034,777.7727619855749
0.00088683024,281.76456936784047,0.44031516196552317,777.3087823504455
0.00088042432,282.6359991514637,0.44073457838320873,776.3978362324989
0.0009115816000000001,283.5229613915995,0.44083355490900894,776.1708952057701
0.00088974504,284.40532880780654,0.4408313855604983,775.5367840475179
0.0008876252,285.25388629613917,0.4410931988088821,774.6813746287654
0.00091317692,285.98311837081036,0.44151193730515803,775.047475604582
0.0009105468399999999,286.138697496818,0.44201161961773916,773.8288502333475
0.0009037304,287.02013152312264,0.4421925975172435,773.6551124310564
0.0009080428799999999,287.9383326262198,0.4422495971493618,772.9727195587611
0.00091048232,288.7996521001273,0.442632731213206,772.1103521425541
0.00091978952,289.65831989817565,0.4428756168958342,772.3248621128553
0.00093912944,290.5220831565549,0.4430132078251246,771.2333050487908
0.0009342709200000001,291.3861349172677,0.443438617068071,770.3327110733983
0.0009320557999999999,292.2519049639372,0.44355649404277053,770.6958421722528
0.00093971952,293.11608400509124,0.44368996320989074,769.3852354688163
0.0009614271600000001,293.97557912600763,0.44383867205029853,768.4855748833263
0.0009448453599999999,294.8328553245651,0.44395917936006746,767.6172252863811
0.00096668548,295.694280865507,0.44411729774964026,768.4940178192617
0.00097123124,296.5629910903691,0.44423769659198364,768.5892235893085
0.00097344732,297.43268137462877,0.44478383007954975,767.626092490454
0.0009780353999999998,298.28448875689435,0.4449167026758296,767.1128553245651
0.0009745068799999999,299.1333559609673,0.4449030357802122,766.7730165464574
0.0009949758,300.00472210436993,0.44517556018686766,765.8900721255833
0.00098570548,300.85383962664406,0.4455970917193511,765.2380992787441
0.00100250548,301.7451972846839,0.44559223780205837,765.032117098006
0.00100841612,302.60156130674585,0.4458861574084005,764.1771743742045
0.00101108812,303.46331777683497,0.44616619318427414,763.3267288926602
0.0010193596,304.3251336444633,0.4462768570751757,763.2187526516758
0.00101490988,305.19181586762835,0.4463752370301356,762.4729741196437
0.00102825388,306.056262197709,0.4467190245353671,761.5873992363174
0.0010397578,306.98501060670344,0.4469638897485113,761.348493848112
0.0010256198,307.8406533729317,0.447062974741737,760.7105218498091
0.00103795448,308.7054518455664,0.4474188834817721,759.8441663131098
0.00104271664,309.60306321595243,0.44752827288042357,758.9830292745014
0.00103441784,310.4558082308019,0.4476429771829264,758.7221043699619
0.00106337628,311.32611370386087,0.44766857549535244,758.1082308018669
0.00106925236,312.2519219346627,0.4481652207200186,757.2297836232499
0.0010661774,313.11788290199405,0.44832239001961804,757.4686890114552
0.0010733576,313.9742087399236,0.44872136032759036,756.3615188799321
0.00106622764,314.83577428935087,0.448858327569184,755.4588035638524
0.00106267324,315.68600763682645,0.4490024265440066,755.427577428935
0.0010842426800000001,316.55370810352144,0.4492530676475604,754.5930420025456
0.00109379776,317.4056215528214,0.44962226364722346,753.699151463725
0.0011028286,318.25890114552396,0.44969170991642193,753.5235044548153
0.0011078766,319.12168858718707,0.44978491055181247,752.8406873143828
0.00109572092,320.00005939753925,0.44990102493084716,751.9159949087823
0.00110138492,320.8789223589309,0.4502795762459625,751.0431056427661
0.00110995756,321.7320789138735,0.4503764918906776,750.9303351718286
0.00112601048,322.5939966058549,0.450484742381361,750.1672040729741
0.00113422044,323.478392023759,0.45074647427917575,749.2996181586763
0.001133122,324.34464149342386,0.4510556064419491,749.0269834535426
0.001149597,325.21967331353414,0.4510951699354128,748.445142129826
0.001146759,326.0830038184132,0.451233520136682,747.5621977089521
0.00114055744,326.9658464149342,0.4514086950289202,746.6927025880356
0.0011515952000000001,327.8648663555367,0.4517356429663376,746.558379295715
0.00117068588,328.75251591005514,0.45177458277210447,745.8348748408995
0.00117011532,329.60675010606707,0.45192331872936864,744.9674586338566
0.0011649564,330.48097157403475,0.45220774743597647,744.1137887144674
0.0011710752,331.34906661009757,0.45242126556314116,744.0690284259651
0.00116570964,332.2127238014425,0.45252656031647875,743.2651675859142
0.00116600984,333.06163343232924,0.45276345317384614,742.3991514637252
0.0011866866,333.91132795927024,0.4528704562891359,741.5293169282987
0.00118530772,334.7962240135766,0.45310062416612007,741.2077216801018
0.00119312712,335.65169707254984,0.4531716703298452,740.6790411540094
0.00120932452,336.11547305897324,0.4533005567482366,739.8233771743742
0.0012008730400000001,336.57346627068307,0.45359672705365844,738.9434874840899
0.0011991178800000001,337.43049639372083,0.45378592136064705,738.5058973271107
0.0011996752,338.3147475604582,0.4539692584266567,738.0917267713195
0.00121087068,339.1879762409843,0.4540627844643238,737.2293593551124
0.00120871188,340.0491938905388,0.45423440704837575,736.3563003818414
0.0012307299600000001,340.93561731014,0.4544664188715941,736.0714891811625
0.0012544213200000002,341.81802715316076,0.45455180985234606,735.4854900296988
0.00123603336,342.7116207042851,0.4547146736917862,734.6313958421722
0.00124255552,343.5655621552821,0.45489657356440755,733.7658464149342
0.00123528116,344.4174331777683,0.45514675368140284,733.3127704709376
0.001258706,345.27320322443785,0.4552393848628093,732.8896478574459
0.00124978072,346.1610352142554,0.4554026283382387,732.0408570216377
0.00126261056,347.0149809079338,0.45550830272756565,731.1853627492576
0.00127199784,347.9157827747136,0.45560207281694026,730.3071701315231
0.001284927,348.77612643190497,0.455766184031774,729.433432329232
0.0012760508000000002,349.62503606279165,0.45582849856774355,729.616885871871
0.0012887443600000002,350.4835171828596,0.45620601944231637,728.5579550275775
0.0012876348000000002,351.3678489605431,0.45636091092597963,727.6921934662707
0.0012917083600000002,352.23217225286385,0.45650826392356825,728.0014425116673
0.0013096229600000002,353.08978362324984,0.4567240056329564,726.8398387781078
0.0013075976,353.9491344929995,0.45672818162883944,725.9799745439118
0.00132791892,354.80222740772166,0.4567787274491385,725.0971998302928
0.00132215364,355.669490878235,0.45698975082551585,724.2242257106491
0.00132014856,356.5613237165889,0.45718699883885033,723.81404327535
0.0013211538,357.41193042002544,0.45749672757246407,723.3430207891387
0.0013532586399999998,358.2661009758167,0.45771295738526707,722.474756045821
0.00133212968,359.1350657615613,0.4578677132846485,722.1882477725923
0.00134138704,359.99474756045817,0.45793075997574034,721.6221043699619
0.0013402362000000001,360.9223377174374,0.45812011698386723,720.7508697496819
0.00135593684,361.7940729741197,0.45822351355725793,719.8944420873993
0.0013607298,362.65184980907935,0.45837710343181487,719.0358930844293
0.0013708414,363.51725074246923,0.4585466651347816,718.3971574034789
0.0013753116000000001,364.37987271955876,0.45854398056599965,718.1726771319475
0.0013827641199999998,365.2372337717438,0.4588185116200275,717.2894357233771
0.00140200988,366.10296563428085,0.45895772956070097,716.4114552397115
0.0013987822799999999,367.0148493848112,0.45910689938766724,715.5369961815867
0.00141242372,367.8973186253712,0.45923559598806396,715.3385235468816
0.00141557828,368.7526516758591,0.45934886309717843,714.6708952057701
0.00142573492,369.6403436571913,0.4594410332920263,713.8216801018243
0.00142274512,370.49268985999146,0.4596142286537485,712.9711073398388
0.0014356505999999999,371.37689859991514,0.45977877373828435,712.074416631311
0.00144583508,372.2461518879932,0.45991443937077164,711.6228680526093
0.0014395830000000001,373.0958082308019,0.45992157110400056,711.2150190920662
0.001454089,373.94836232498943,0.4601482137896548,710.3447602885024
0.00143798156,374.8136784047518,0.4603403909508456,709.4916843445058
0.00145751612,375.7316970725499,0.46045010575177375,708.631268561731
0.00147191448,376.61052184980906,0.46060065853841564,708.610012728044
0.0014818722,377.51490878235046,0.460687134193423,707.7806109461179
0.0014784182800000002,378.38291896478574,0.46087681660382646,706.9109461179465
0.00149903668,379.275040305473,0.46105752333476696,706.0323292320747
0.0015034038,380.1703521425541,0.4611617334138492,705.1714467543487
0.00149858488,381.0247305897327,0.46128798949717137,704.8147645311838
0.00150610136,381.8820110309716,0.46132242790477856,704.3212558336868
0.0015009619199999999,382.592740772168,0.4614545954627923,703.4619431480696
0.00152769028,382.7351463725074,0.4616313702495572,702.5943996605855
0.0015106198000000002,383.61719983029275,0.4617929053630344,701.7100975816717
0.00152064636,384.50178192617733,0.46197759827186324,701.063894781502
0.00154436604,385.3675562155282,0.46196027060063416,700.8514212982604
0.0015412319999999998,386.2217267713195,0.46210602370369613,699.9941026728893
0.00155122356,387.09499787865934,0.4622913945339346,699.1438268985999
0.00155354932,387.9528171404327,0.4623968519884105,698.2582520152737
0.00154917328,388.8544675434875,0.46265820425023585,697.6041154009333
0.00156149388,389.7456385235469,0.46264499834117706,697.3952906236741
0.00157287792,390.61787441663137,0.4627278132205726,696.5416207042852
0.0015696802800000001,391.5121510394569,0.4628784202409273,695.6877810776411
0.00159157424,392.38231650403054,0.46301373335428164,694.8382265591854
0.00159812332,393.2477556215528,0.46310527986143274,693.9644887568944
0.00159674436,394.1005600339414,0.46329905691715006,693.0885871871022
0.00161320196,394.97192617734413,0.46334106092768834,693.0846839202376
0.00163322524,395.8464403903267,0.4634589379023879,692.2303775986423
0.0016145277199999999,396.8034450572762,0.4636125006600884,691.3551124310565
0.00163213908,397.6769240560034,0.4637328452687189,690.4822231650403
0.00164263888,398.52790411540093,0.4638401737862853,689.6281714043275
0.0016334608,399.389864234196,0.4640359032556623,688.9012303775986
0.00164667992,400.3092532880781,0.4640436044428753,688.7773016546457
0.001654097,401.1615570640645,0.46412522618059,687.9235044548154
0.00167350324,402.0395120916419,0.4642751010458222,687.0717013152313
0.00169487892,402.8887102248621,0.464392137397974,686.1964361476453
0.0016934260800000002,403.754484514213,0.46454575438938717,685.308358082308
0.00169536768,404.62866779804835,0.46459499860057984,684.4529062367416
0.00171072288,405.4806830717013,0.46471526185864126,684.2013152312261
0.0017257708399999998,406.34910479422996,0.46481589251268085,683.5898599915146
0.00172224416,407.2056385235469,0.46489146719142205,682.7303775986423
0.0017381864799999999,408.0550021213407,0.4650487991921598,681.8806109461179
0.0017541731999999998,408.91746287653797,0.4651601681213273,681.0142554094188
0.00174969344,409.7796690708527,0.465276987538628,680.1607127704709
0.00175421716,410.65136614340264,0.46533973594429967,679.3102672889266
0.0017663306000000002,411.51614340263046,0.46539646440785426,679.1323716588884
0.0017862513599999998,412.3725116673738,0.46545837219097813,678.4549851506151
0.00179254636,413.26695375477306,0.4655677615896296,677.5971149766652
0.00179002492,414.13831989817567,0.4656942888415156,676.7226983453543
0.0017877790399999998,414.9978362324989,0.46592697858614346,675.8738650827323
0.0018226696400000001,415.9095163343233,0.4660234874780128,675.0181586762834
0.00182094128,416.7828722952906,0.4660750095051417,674.7700466694951
0.0018398693199999999,417.63704285108184,0.4661950015946393,674.1547730165464
0.0018347053199999999,418.5125074246924,0.46634292404621186,673.2862112855324
0.00184010996,419.36162494696646,0.4664151091179051,672.4117098005939
0.00186335444,420.2143869325414,0.4664762033953374,671.560033941451
0.00187322736,421.0646627068307,0.46654255834290814,670.6795078489605
0.0018705848,421.91792532880777,0.46669850738397034,669.805854900297
0.00188193724,422.7673737802291,0.46675482909467914,670.028256257955
0.0019044285999999999,423.64329656342807,0.4668354203918513,668.9430632159524
0.00190984444,423.91873568095036,0.46692178757943315,668.0806533729317
0.00190086604,424.53160797624093,0.46703055329038784,667.2185405176072
0.00192402972,425.38693254136615,0.4671071041759588,666.3559609673314
0.0019281353200000001,426.23962664403905,0.46720724672658354,665.4675010606703
0.00194223224,427.08973271107334,0.4672816553805002,664.6002969876962
0.0019660014,427.9386508273228,0.4673837503447845,663.7375477301655
0.00196712224,428.8168010182435,0.46743445886622187,663.5191344929996
0.00199062392,429.7095036062792,0.4674314488951633,662.8633008061095
0.0020054124400000002,430.6198133220195,0.4675508715306768,661.9763258379295
0.00201563776,431.4698345354264,0.46763119165928513,661.0963088672041
0.00200846896,432.3276198557488,0.46765508160975905,660.2162070428511
0.00201469912,433.2027577428935,0.46772696839603206,659.3377174374205
0.00203236388,434.05218498090795,0.46772930044568106,658.4756894357234
0.00205297336,434.905515485787,0.46785994945973736,657.6026304624522
0.0020568432,435.77182859567245,0.4678803413357379,656.7435723377174
0.0020791,436.6215103945694,0.4679349004507817,655.8822231650403
0.0021014744,437.50313958421725,0.467991330628916,655.0196860415783
0.0021133707600000003,438.35659736953755,0.46805426885258244,654.1638947815019
0.0021232076,439.2105642766228,0.4681210576698553,653.7266440390326
0.00215014264,440.0637250742469,0.4681243116926213,653.3103097157403
0.00215780348,440.91582520152735,0.46818543308690996,652.4581247348324
0.00218284608,441.78727195587607,0.4682390702288368,651.597327110734
0.0022083118400000002,442.6850657615613,0.46831583804925886,650.6891811624947
0.0022187306,443.5385235468816,0.468328149102057,649.808188375053
0.00223603772,444.4328383538396,0.468429864430352,648.9324989393297
0.00224688188,445.28218073822654,0.4685018054503377,648.0605854900297
0.00224988892,446.17318625371234,0.4685074457564655,647.1950360627917
0.0022729980799999997,447.08926601612217,0.4685294917607054,646.3277047093763
0.00229965152,448.00135765803986,0.46860257168865926,645.4542214679677
0.00232941328,448.87373780229103,0.46862217717582466,644.6039032668647
0.00235979496,449.74128128977515,0.4686693333890758,643.7347051336444
0.0023561576,450.62702588035637,0.4686939554946721,642.8843445057277
0.00238642156,451.47687738650825,0.46875523959009907,642.0319049639371
0.00239784448,451.8581247348324,0.4688112630153876,641.520577004667
0.00242472932,452.34921510394565,0.46880434821700984,641.1813746287654
0.00245069504,453.234789987272,0.4688006060908289,640.3215952481968
0.00244881092,454.1114976665252,0.46886877786777736,639.4673313534154
0.0024883130000000002,454.968561731014,0.46892406913794354,638.5476028850233
0.0025012216,455.86423419601186,0.4689392816943747,637.693635977938
0.0025323412,456.71909206618585,0.4689595108692369,636.8343232923207
0.0025615027600000002,457.5871871022486,0.4689956034050835,635.9662706830717
0.00258756368,458.4751378871447,0.46904219016435056,635.0907509546033
0.00262788564,459.3606279168434,0.46902730301019596,634.2187526516758
0.00264362008,460.2225286380993,0.4690942274117508,633.3554094187526
0.00267278552,461.1039456936784,0.4691027692215116,632.5012728044123
0.0027138206399999996,461.95693678404757,0.46912009689274076,631.6502757742893
0.0027240652,462.81731014000843,0.4691616670335768,630.7780229104794
0.0027697479600000004,463.6893084429359,0.46915572844202885,629.9175222740772
0.0027756402000000003,464.5590581247348,0.46919027531706153,629.0643614764531
0.00280591936,465.41675859142975,0.4692071420017322,628.1864234196012
0.00287182508,466.2702588035638,0.4692067894825992,627.3378447178617
0.00293863744,467.1273652948663,0.4692533762418663,626.4543911752228
0.00296816976,468.04365719134495,0.46924556658722777,625.6003818413237
0.00300896196,468.89876962240135,0.4692811439028031,624.7414934238438
0.00301953256,469.1683495969453,0.46927707637434557,623.8505303351718
0.00306240888,469.7745014849384,0.4692956243041119,622.9501060670343
0.00310687036,470.63177768349595,0.46928591646952666,622.0545608824776
0.00314125,471.4841747984726,0.46931989389057527,621.1384386932541
0.00317239076,472.33733559609675,0.469342346647661,620.2684768773864
0.0032157662399999996,473.18807806533727,0.469354088246475,619.3954603309292
0.0032853078800000003,474.074246924056,0.46934530238500677,618.5331777683496
0.0033444062000000004,475.0007212558337,0.46937762567781605,617.6753500212134
0.0034523645200000004,475.86109461179467,0.46936298257536885,616.8149342384387
0.00349066912,476.7534153585066,0.46935734226924114,615.9609673313535
0.0036194688,477.60449724225714,0.4693845947099067,615.0973695375477
0.0036756625599999996,478.45999151463724,0.4693656671441509,614.1812473483242
0.0037154922,478.9060670343657,0.46940010555175804,613.250657615613
0.00374969752,479.3182859567246,0.46941567062732226,612.3769622401358
0.0038225778799999997,480.20305473058977,0.46940119022601345,611.4878235044548
0.0038777744800000003,481.07076792532877,,
0.00395729096,481.9522698345354,,
0.0040537692,482.8014849384811,,
0.0041275056,483.65736105218497,,
0.0042485672,484.50937632583793,,
0.0043041156,485.36364022061946,,
0.00441081,486.1001272804412,,
0.0044313944,486.25744590581246,,
0.0044480188,487.1168434450572,,
0.004606306399999999,487.966397963513,,
0.0047043551999999995,488.82935935511244,,
0.0048279144,489.69787865931266,,
0.004947132,490.58892660161223,,
0.0051092176,490.9866779804837,,
0.005129210800000001,491.44488756894356,,
0.0051589620000000004,492.345651251591,,
0.0053610116,493.20568519304203,,
0.0054766192,494.05761561306747,,
0.0055422556000000005,494.9138311412813,,
0.005686354,493.993975392448,,
0.0057207607999999995,494.8427662282562,,
0.0058109684,495.59380568519305,,
0.0058235192,495.71404327535,,
0.005929210000000001,496.574586338566,,
0.0060725988,497.4512091641917,,
0.0063403743999999995,498.3027153160798,,
0.0064026056,499.1629189647858,,
0.0065229608,499.09546033092914,,
0.0065699352,500.0173101400085,,
0.0066235256,500.882774713619,,
0.0069315244,501.7332626219771,,
0.0070296303999999995,502.6028001697072,,
0.0071224796,501.70572761985574,,
0.00717923,502.57759864234197,,
0.0072299088000000004,502.92354688162914,,
0.0073302668000000005,503.48421722528633,,
0.0075147472000000005,504.3521849809079,,
0.0075794828000000005,503.48421722528633,,
0.007601196,504.3506151887993,,
0.0076582068,505.2193890538821,,
0.007676249600000001,506.0912176495545,,
0.0077883412,505.231438268986,,
0.0078855764,504.36856173101404,,
0.0079199336,503.99070852778954,,
0.007926285199999999,503.49770895205774,,
0.0080305308,504.39495120916416,,
0.0081074588,505.2999151463725,,
0.0081436468,506.1725922783199,,
0.008250484,507.0676707679253,,
0.0083761568,507.9422146796776,,
0.0086163448,508.48226559185406,,
0.00873468,508.7940602460755,,
0.008883231200000001,507.9420873992363,,
0.0089405572,508.80250318201104,,
0.0092010384,509.6598218073823,,
0.009278732,510.28604157827743,,
0.0093139588,510.5156979210861,,
0.009412031199999999,511.3763682647433,,
0.0097632212,512.2571064913025,,
0.0099776732,513.1122613491727,,
0.0099954604,512.7156554942724,,
0.010228009199999999,513.9624522698346,,
0.010511284000000001,514.8185405176071,,
0.0106638276,515.067543487484,,
0.0107946704,515.678913873568,,
0.011084726,516.5308018667798,,
0.0111988544,517.3951209164192,,
0.011386550799999999,517.4298260500636,,
0.0115712296,518.2870173949937,,
0.0118903244,519.1358082308019,,
0.01211738,519.5611370386084,,
0.0122161208,519.9910479422996,,
0.012403705199999998,520.8472634705134,,
0.0126675928,521.6966907085277,,
0.012822672,521.611370386084,,
0.0130136512,522.5813746287654,,
0.0133289028,523.4616885871872,,
0.0135280692,523.1720407297412,,
0.0136796008,524.3453966907085,,
0.0139638852,525.1961391599491,,
0.0142734168,525.3694951209164,,
0.014395377600000002,526.0663131098854,,
0.014756665200000001,526.9593126856173,,
0.014972517599999999,527.3985999151464,,
0.0152694904,527.8392872295291,,
0.0155675124,528.6898175647009,,
0.0156330932,528.7602885023334,,
0.0159168256,529.5487484089945,,
0.0161496616,530.430250318201,,
0.0163732696,530.4888841747985,,
0.0164507448,531.3051336444632,,
0.016889015599999998,532.1539669070853,,
0.016954098799999998,531.2879932117098,,
0.0170754148,532.0519304200254,,
0.017096628,532.1868901145524,,
0.017641132,533.0498515061519,,
0.0177004112,533.9019516334323,,
0.0177267004,533.7803563852355,,
0.017940818,534.751675859143,,
0.018292738,535.6141281289774,,
0.0184498976,535.9014849384811,,
0.0188000764,536.4931692829869,,
0.0188700532,535.5957573186254,,
0.0188949692,536.4879083580823,,
0.0191339684,536.9731438268986,,
0.0191946936,537.3417904115402,,
0.0193821348,538.208697496818,,
0.0194658136,537.3412812897751,,
0.0196910036,538.2178192617735,,
0.0198247804,538.4042002545609,,
0.019887725199999998,539.0741196436148,,
0.0203620624,539.9299533305049,,
0.020521049599999997,539.78595672465,,
0.020877864399999998,540.8044972422571,,
0.021176724400000003,541.6624522698345,,
0.0211923172,541.8126007636826,,
0.021392219200000003,542.5573186253712,,
0.021884505600000003,543.1344081459482,,
0.0219837736,543.4106067034365,,
0.0221273804,544.2670343657192,,
0.0221399736,543.4181586762834,,
0.0222174168,542.519898175647,,
0.022497110400000003,543.3711497666525,,
0.0225429916,543.6503182011031,,
0.022582848000000003,544.2293593551125,,
0.0226458336,545.0949936359779,,
0.0230045176,544.2327110733984,,
0.023215618,544.8663555366992,,
0.0232497956,545.0841747984726,,
0.0233192372,545.9478998727195,,
0.023466215199999998,546.8213406873143,,
0.023815124,547.6767925328808,,
0.023895564,547.6073822655918,,
0.024167788,548.5353839626644,,
0.0244570684,547.6857445905812,,
0.024490385200000003,548.5413237165889,,
0.0246012996,548.897327110734,,
0.0248245192,549.4331353415358,,
0.025274276800000002,550.3185829444209,,
0.025283410399999998,550.120577004667,,
0.025778098,551.1895630038184,,
0.0259739924,551.6000848536274,,
0.0260940552,552.045820958846,,
0.026643051999999997,552.2812473483242,,
0.0267010664,552.9089520577005,,
0.027024366799999998,553.7697921086126,,
0.0273274396,554.0793805685192,,
0.0274609852,554.6339838778108,,
0.027909951199999998,555.5077641069155,,
0.0279654764,556.3666949512092,,
0.028047726000000002,555.9613915994909,,
0.0280608176,555.4796775562155,,
0.028414104,556.3551972846839,,
0.028712094,557.2250318201103,,
0.028749823600000002,557.4831141281289,,
0.028997538,558.0856597369537,,
0.0294572616,558.422740772168,,
0.029597676000000003,558.965379719983,,
0.0301330732,559.5357233771743,,
0.0302629088,559.8666525243955,,
0.0304932428,560.7196011879507,,
0.030841498399999997,561.0037759864234,,
0.0310807108,561.5726347051336,,
0.031446740800000005,562.4552821383114,,
0.0315236212,561.8616885871871,,
0.0315108396,561.6034789987273,,
0.0315818596,562.5114976665253,,
0.0321786452,563.3661858294441,,
0.0321717024,563.1006364022062,,
0.0323456596,564.2172677131947,,
0.0328415848,565.0936784047518,,
0.03290972,564.6704709376326,,
0.03290195,564.2425540941875,,
0.0330742596,565.0925328807806,,
0.033519647199999995,565.9658039881205,,
0.0335691668,565.8760288502334,,
0.0338441636,566.8720831565549,,
0.0342758892,567.0397539244802,,
0.034461250400000004,567.7766652524396,,
0.034502451600000004,568.6470513364446,,
0.034670036,567.7916843445057,,
0.0349339916,567.5400509121765,,
0.0350862384,568.688629613916,,
0.035178652000000005,567.8329656342809,,
0.035224926399999995,566.9419176919813,,
0.0354848528,567.812218922359,,
0.0355621956,568.4666949512092,,
0.03557281,568.6671192193467,,
0.035749258799999996,569.548663555367,,
0.0359121704,570.4094611794654,,
0.036186349199999995,571.2839202375901,,
0.03623075,571.7124734832414,,
0.036921146,571.7296139159948,,
0.0369262028,572.1599066610097,,
0.0372032928,573.0087399236318,,
0.0373453952,572.1344929995757,,
0.037466762,572.996478574459,,
0.0376101256,573.1289350869749,,
0.037744844,572.1352566822231,,
0.0380134892,572.988969028426,,
0.038204700800000005,573.8504030547306,,
0.03824291,573.9467967755621,,
0.038363044400000004,574.7498515061518,,
0.0388647892,575.6184980907933,,
0.0389245916,575.7722528638099,,
0.039248028000000004,576.4680101824354,,
0.039475274,575.6111158252015,,
0.039588997199999997,576.465040305473,,
0.0395960784,576.3478574459058,,
0.0398170592,577.3620704285108,,
0.04025366,578.2137462876537,,
0.040262044000000004,578.2045820958846,,
0.040662432,579.0824352991091,,
0.040962896000000006,578.8807806533729,,
0.041263056,579.9336020364871,,
0.041640644,579.9506576156131,,
0.041654527999999996,580.8100127280441,,
0.041943676,581.6793381417056,,
0.04216238,580.8179889690284,,
0.042320084,581.6780229104794,,
0.04231166,581.3543911752226,,
0.042571592000000005,582.5445057276198,,
0.042870976,581.6825201527365,,
0.042960896,582.5494696648282,,
0.043021288000000005,582.2348324140856,,
0.043079280000000005,581.6898175647009,,
0.043126911999999996,582.5460755197284,,
0.04337478,583.4368264743317,,
0.043434536,582.5624946966483,,
0.043481792,583.4558761137039,,
0.043729927999999994,584.0071701315231,,
0.043961128,584.330929147221,,
0.044369692,585.1965634280866,,
0.044396776,585.1868901145524,,
0.045028332000000004,586.0487908358082,,
0.045046984,585.9042002545609,,
0.045373912,586.9237165888842,,
0.045726579999999996,587.3596521001273,,
0.045783556,587.8219346627068,,
0.046428672000000004,588.228935086975,,
0.046437308000000004,588.7100551548579,,
0.046531224,587.8432329232074,,
0.04671564,588.7187102248621,,
0.046735644,589.5860415782774,,
0.046960536,588.7191344929996,,
0.047106444,588.9059821807382,,
0.047132736,589.5714467543488,,
0.047241964000000004,590.423589308443,,
0.047508084000000006,589.5726771319473,,
0.047626084000000006,590.4405176071277,,
0.047737568,589.5777683495969,,
0.047776212,589.9510394569368,,
0.047955772,590.4440814594824,,
0.048126287999999996,589.5912176495546,,
0.04837264,589.6747560458209,,
0.048452912,590.4459058124735,,
0.0485366,591.3105218498091,,
0.048752776000000005,592.1720407297412,,
0.049065436,592.6736529486635,,
0.049237532,593.0310140008485,,
0.049456908,593.9044123886296,,
0.049540404,593.0348324140857,,
0.049742167999999996,593.574077216801,,
0.049756212,593.9223165040305,,
0.050098960000000005,594.7790411540093,,
0.050411492,594.9657615613067,,
0.050737248,595.6520577004667,,
0.051077488000000004,595.5959270258803,,
0.051235220000000005,596.5014849384811,,
0.051510455999999996,597.385447602885,,
0.051612808,596.5114976665252,,
0.051796987999999995,596.8231650403054,,
0.051839196000000004,597.3777259227832,,
0.052193316000000003,598.2479422995333,,
0.052224016000000005,597.3464149342384,,
0.05232894800000001,596.4917691981332,,
0.052401027999999995,595.6173949936359,,
0.052414128,595.6806533729316,,
0.052595988,596.4752227407722,,
0.052670332,597.3323716588884,,
0.052879036,598.185787017395,,
0.053021816,598.6936359779381,,
0.053059252,599.0991938905388,,
0.053353328,599.9724649978787,,
0.053374224000000005,599.1190920661858,,
0.053492288,599.9761137038608,,
0.053715352,599.7968604157827,,
0.054171848,600.8278319898176,,
0.054394412,600.8619855748833,,
0.054778328,601.6803139584217,,
0.054901148,602.5417479847263,,
0.055079564000000004,602.4956724649979,,
0.055532139999999994,603.4182435299109,,
0.055580784,602.5611794654221,,
0.05568186,603.4157403478998,,
0.055759624,603.382435299109,,
0.056157488000000005,604.2850233347475,,
0.056432371999999995,604.4071701315231,,
0.056532796,605.1449299957573,,
0.057118947999999996,605.1378871446755,,
0.057257024000000004,605.9983877810777,,
0.057797044,605.8803563852355,,
0.057937756,606.8479422995333,,
0.05843558,607.702503182011,,
0.05845668,607.262706830717,,
0.059125396,608.0212558336868,,
0.05925096,608.5743742044972,,
0.059710320000000004,609.4703436571914,,
0.05980978000000001,609.408867204073,,
0.060132772,610.3502333474756,,
0.06049434,610.5215952481968,,
0.060568331999999996,611.2347051336444,,
0.060677868,610.3369961815868,,
0.061104688,610.2915146372508,,
0.06116634000000001,609.4856597369537,,
0.061231603999999995,610.3580823080187,,
0.061351944,611.2550700042426,,
0.061416604,612.1109036911328,,
0.061553192,612.9902418328384,,
0.061783748,612.8435723377174,,
0.061866452,612.1327959270259,,
0.061929024000000006,613.0460330929147,,
0.062232871999999995,613.9057276198557,,
0.062393956,613.0414509970301,,
0.062480704,613.188290199406,,
0.062571272,613.8923207467119,,
0.06295588,614.7531183708103,,
0.063093152,613.8601187950785,,
0.063147952,614.7484938481119,,
0.063157384,614.3223589308443,,
0.063663748,615.6073398387781,,
0.063819192,615.7840899448452,,
0.06391408,614.7390326686466,,
0.063975568,615.6014000848536,,
0.064484772,615.9308442935935,,
0.064571616,616.4577853203224,,
0.064906448,617.3067882901994,,
0.065164808,617.4986847687738,,
0.065575004,618.1560882477726,,
0.065774092,619.0099703012304,,
0.065818616,618.6890114552397,,
0.065840436,618.1613491726771,,
0.06596163599999999,619.0238862961392,,
0.066261964,619.9178616885872,,
0.066451816,619.0559185405176,,
0.066507824,619.276580398812,,
0.066873072,618.1820110309716,,
0.066964836,619.0323292320746,,
0.067000476,619.8877386508274,,
0.067115684,619.7257106491302,,
0.067297668,620.7410691557064,,
0.067715324,621.6327959270259,,
0.067812136,621.6893508697497,,
0.06836744,622.4858294442088,,
0.068497928,622.4431056427662,,
0.06899062,623.3884174798472,,
0.069150724,623.1379295714892,,
0.06981108,623.5983877810776,,
0.069920148,624.2473483241408,,
0.0700218,623.3799321170981,,
0.070222692,624.2639796351294,,
0.070373424,625.1525668222316,,
0.070460912,625.122571064913,,
0.07063886,626.0049639372083,,
0.070717692,625.1509121764956,,
0.07091815600000001,626.0304624522698,,
0.071009656,626.8899024183283,,
0.071136056,626.3745863385659,,
0.071159392,626.027238014425,,
0.071468144,626.8861688587187,,
0.071813632,627.0984302078914,,
0.072003808,627.7505303351718,,
0.07212075999999999,626.8908782350445,,
0.072140368,627.7436571913449,,
0.072495464,627.7780653372931,,
0.072633924,628.6050912176495,,
0.073163136,628.9064488756894,,
0.07323388,629.4800593975392,,
0.073614316,628.6244378447178,,
0.07378283599999999,628.8615188799321,,
0.073888612,627.7724649978786,,
0.073966724,628.639287229529,,
0.07404142,629.4966907085277,,
0.074094952,630.3666525243954,,
0.074365004,631.2288502333474,,
0.0744377,631.0201103097157,,
0.07495581600000001,630.3779804836656,,
0.074953224,629.4710224862113,,
0.07495516399999999,628.5973695375477,,
0.07497912000000001,627.7389053882054,,
0.074980312,626.8840050912177,,
0.075001992,625.9749257530759,,
0.074987216,625.1189223589308,,
0.075291572,572.0630886720407,,
0.07531744,572.9641917691981,,
0.07531514,573.8246075519728,,
0.075332464,574.6846414934238,,
0.075334584,575.5652524395418,,
0.075311008,576.4173101400086,,
0.075332032,577.268901145524,,
0.075339084,578.1175222740771,,
0.075335924,578.9670343657192,,
0.075348336,579.8159100551549,,
0.075362292,580.6682647433178,,
0.0753407,581.5315231226135,,
0.075372936,582.4078913873568,,
0.0753602,583.2792957148918,,
0.07537934,584.1498090793382,,
0.07536190000000001,585.0224437844718,,
0.075384364,585.42876537972,,
0.0753934,585.8775986423419,,
0.075376196,586.7456936784047,,
0.075398232,587.606024607552,,
0.075389988,588.4567246499787,,
0.075411892,589.3355112431057,,
0.075397768,590.2056427662283,,
0.075418152,591.0636402206195,,
0.075430388,591.9131523122613,,
0.075436272,592.7737802291048,,
0.075437356,593.6503606279168,,
0.075440952,594.5014425116674,,
0.075456104,595.3695375477301,,
0.07545183999999999,596.2195163343233,,
0.07546164,597.0696224013577,,
0.075455952,597.9390750954603,,
0.07545755999999999,598.8261349172677,,
0.075482836,599.677428935087,,
0.07547983600000001,600.5806533729317,,
0.0754751,601.4746711921935,,
0.075488824,602.3246924056003,,
0.075498572,603.1732711073398,,
0.075500516,604.0283835383963,,
0.075520712,604.9212982605006,,
0.075523116,605.782944420874,,
0.07551482400000001,606.6406024607552,,
0.075522972,607.5091641917692,,
0.075536248,608.380441238863,,
0.075536088,609.3133220195162,,
0.075553196,610.2358082308018,,
0.075551516,611.1016546457361,,
0.075560724,611.9775562155282,,
0.07557343999999999,612.832923207467,,
0.075561428,613.6849384811201,,
0.07558297600000001,614.5413237165889,,
0.07559136,615.4014000848537,,
0.075597472,616.2606279168434,,
0.07559832,617.1111582520152,,
0.075633492,618.0140857021638,,
0.075625256,618.9139159949087,,
0.075631432,619.7733983877811,,
0.075637492,620.625922783199,,
0.07566255599999999,621.4745014849385,,
0.075674028,622.3306745863385,,
0.075657272,623.2007636826474,,
0.075679884,624.0747136190072,,
0.075701832,624.9443360203649,,
0.075691824,625.825753075944,,
0.075727028,626.6928298684769,,
0.075722756,627.5543063215953,,
0.075764504,628.4179041154009,,
0.075741352,628.573737802291,,
0.07574858,629.2700466694952,,
0.07578526000000001,630.1569792108612,,
0.075804968,631.0415358506576,,
0.07582947200000001,631.9182435299109,,
0.075840464,632.7963937208316,,
0.07588753200000001,633.650997030123,,
0.075896484,634.5243954179041,,
0.075928584,635.3729741196436,,
0.076014232,636.2459058124736,,
0.07608298399999999,637.133771743742,,
0.076194792,638.0617734408146,,
0.076363724,638.4674162070428,,
0.076998488,637.8218922358931,,
0.077248416,637.1990666100976,,
0.07761374,637.2867204072974,,
0.077887768,638.0733559609673,,
0.078031708,637.2248196860415,,
0.078090924,638.140305473059,,
0.078162176,637.2800169707256,,
0.078244888,638.1378447178616,,
0.078300392,637.8391599490878,,
0.07888662,638.994145099703,,
0.078951724,639.0022061943148,,
0.07961407999999999,639.3620704285108,,
0.079711728,639.851506151888,,
0.08028268799999999,640.7127704709376,,
0.080293024,640.5111582520153,,
0.08034939599999999,639.8487059821807,,
0.08044848399999999,640.7100975816717,,
0.08068386,639.8563428086551,,
0.080883028,640.7282562579551,,
0.080981924,640.6131523122614,,
0.08107953200000001,639.8749681798896,,
0.081142952,639.0224862112856,,
0.081247684,639.8747984726347,,
0.081337072,640.7412388629614,,
0.081567324,641.591472210437,,
0.08159005999999999,641.4066185829444,,
0.08190998000000001,642.4407297411964,,
0.08226475600000001,642.247008909631,,
0.08283771599999999,643.3413661434026,,
0.082922268,644.2019940602461,,
0.082926176,644.1162918964785,,
0.08296457200000001,643.3342808655069,,
0.083329192,644.1928722952906,,
0.083628532,644.0490453966908,,
0.08411374,645.0551972846839,,
0.084192552,644.1949512091642,,
0.08425198399999999,645.0659312685617,,
0.084281532,645.0528213831142,,
0.08456246399999999,645.9562579550276,,
0.084739172,645.1053457785321,,
0.084913796,645.9592702588036,,
0.084945296,646.316716164616,,
0.085612852,646.3637250742469,,
0.085721036,646.8152736529487,,
0.085975056,645.9489605430632,,
0.08603512,646.8158676283412,,
0.086300232,646.0697072549851,,
0.08631872,645.9512940178192,,
0.08657024399999999,646.8050487908358,,
0.08666650000000001,647.6906661009758,,
0.086823368,646.8231226134917,,
0.086893712,647.6776834959695,,
0.0869096,647.8308867204073,,
0.086975116,648.5502333474756,,
0.087041168,647.6939329656343,,
0.087300108,648.5584217225287,,
0.087559748,648.9114128128978,,
0.08758619200000001,649.4175222740772,,
0.088100692,650.3011455239712,,
0.08823381599999999,650.2440814594825,,
0.08861708800000001,651.1544760288502,,
0.088870552,650.2588035638523,,
0.08888954,650.624904539669,,
0.088927612,651.1378871446755,,
0.089306736,652.0318201103097,,
0.08950556000000001,651.1646584641493,,
0.08958695600000001,652.0436147645312,,
0.089579772,651.826262197709,,
0.09027692,652.077938056852,,
0.09034539999999999,652.8971149766652,,
0.090917092,653.3124734832414,,
0.09122242,653.779932117098,,
0.09156859199999999,653.7309715740348,,
0.091687268,654.6397114976666,,
0.09224251600000001,654.8349172677132,,
0.092302076,655.4958845990666,,
0.09292924799999999,655.8551548578702,,
0.092928572,656.3544760288502,,
0.093557576,657.206364022062,,
0.09360836,656.9571489181162,,
0.09401427200000001,658.1196436147645,,
0.094304636,657.9806533729317,,
0.094985684,658.6996181586762,,
0.095014764,658.9924904539669,,
0.095136872,658.1151039456936,,
0.09523053199999999,658.9678404751803,,
0.09551911199999999,658.1128977513788,,
0.095593988,657.2575731862537,,
0.09561040800000001,657.2259227831989,,
0.09573883999999999,658.140475180314,,
0.095820712,659.0054730589733,,
0.09614005199999999,659.8609673313534,,
0.09624304800000001,659.9359355112431,,
0.096913976,660.2647857445907,,
0.096973516,660.7251591005515,,
0.09733776000000001,661.587781077641,,
0.097442008,660.7064913025032,,
0.097534428,661.6017394993636,,
0.09756769200000001,661.7522698345355,,
0.09800646800000001,662.4513788714468,,
0.098247328,662.2829868476878,,
0.09871643199999999,663.3439541790411,,
0.098903828,662.4808230801867,,
0.098891124,662.7798048366567,,
0.09905723599999999,661.6213406873144,,
0.09920923200000001,662.4767925328807,,
0.09934863999999999,663.3556215528214,,
0.099549656,663.7877810776411,,
0.099701396,664.208018667798,,
0.100083952,665.0935511243105,,
0.10020913999999999,664.5716164616038,,
0.100659436,665.9585914297836,,
0.10076826,665.0964785744591,,
0.100896796,665.0123462028001,,
0.101040344,665.9659312685617,,
0.10109994800000001,665.116037335596,,
0.10110153999999999,665.9753075943996,,
0.101179668,665.0783198981757,,
0.101305904,665.9328807806534,,
0.101528656,666.2176071277047,,
0.101859132,666.8120492151039,,
0.10187792,665.957700466695,,
0.101946268,666.8305473058973,,
0.10222327999999999,667.0240984302079,,
0.10253938800000001,667.6830292745015,,
0.10290314800000001,668.0111582520152,,
0.102991008,668.5801442511666,,
0.10325464399999999,667.730929147221,,
0.103341168,668.5937632583792,,
0.10348909199999999,669.5063215952482,,
0.103539112,668.9874840899448,,
0.103577796,668.6365719134493,,
0.10365071199999999,669.4947390750955,,
0.103768292,668.6133220195163,,
0.103958596,669.4731438268985,,
0.104074136,668.6095460330929,,
0.104212912,669.2380992787441,,
0.10434374,669.4610946117947,,
0.104460832,668.5738226559185,,
0.10462926,669.4263470513365,,
0.10470774799999999,670.2799321170979,,
0.104860916,670.3872719558761,,
0.10499931200000001,671.176919813322,,
0.10517006000000001,670.3011455239712,,
0.10540338399999999,671.1845566397964,,
0.105547848,671.0979635129402,,
0.106157504,672.0453966907086,,
0.106224432,672.0260500636402,,
0.10687685200000001,672.732626219771,,
0.10694784,672.9159100551549,,
0.107361784,672.0671192193466,,
0.107472924,672.924268137463,,
0.10752195199999999,672.5017394993636,,
0.107864484,673.8038184132372,,
0.10819493200000001,674.65787017395,,
0.10821325200000001,674.5686465846416,,
0.10887986,674.8469240560033,,
0.10905286800000001,675.5187102248622,,
0.109171656,674.6640644887569,,
0.10935613599999999,675.5474331777683,,
0.109537756,675.5960967331353,,
0.10968548,676.4200254560882,,
0.109880468,675.5526941026728,,
0.109951372,674.6949936359779,,
0.11018280000000001,675.2554094187526,,
0.11023229600000001,675.5507000424268,,
0.11040546400000001,676.4203648705982,,
0.110785924,677.3114552397114,,
0.110822736,677.1615188799321,,
0.11138627200000001,678.1697072549852,,
0.111491128,677.8366991938906,,
0.111484176,677.2881629189648,,
0.11156907199999999,676.4257955027578,,
0.11191662799999999,677.2957997454391,,
0.11202876,678.1484514212983,,
0.112094296,678.1304624522699,,
0.112306164,679.0049215103946,,
0.112790824,678.8248196860416,,
0.11289953999999999,679.922401357658,,
0.113354408,680.776919813322,,
0.113465652,680.8167585914298,,
0.113578232,679.9145099703012,,
0.11376256800000001,680.7754773016546,,
0.11399708800000001,679.8907085277896,,
0.114037684,680.7471361900721,,
0.11411866,680.7565973695375,,
0.114391776,681.5961815867628,,
0.114580344,680.7455239711497,,
0.114650572,681.6101824352991,,
0.114782992,681.219898175647,,
0.115055856,682.4731438268985,,
0.115183936,681.6185829444208,,
0.115421812,682.4730589732711,,
0.11549493599999999,682.5649130250318,,
0.11609941600000001,683.3306745863385,,
0.116144904,682.7809079338142,,
0.116157704,682.4373780229105,,
0.116384316,683.2915994908783,,
0.116410848,684.1489605430631,,
0.11652174,683.2615613067459,,
0.116813184,683.9685193042003,,
0.11685852000000001,684.1334747560458,,
0.11690540399999999,683.2802715316079,,
0.116993236,684.160543063216,,
0.117426432,685.0325837929572,,
0.117464656,684.837123462028,,
0.117456044,684.183283835384,,
0.11754220800000001,685.0531183708104,,
0.118056936,685.9110733983878,,
0.11806202,685.0484089944845,,
0.118146896,685.0369961815868,,
0.118724956,685.9244802715316,,
0.118820488,686.0930420025456,,
0.119022684,686.8089096308867,,
0.11950535600000001,686.7976240984302,,
0.119794892,687.6606703436572,,
0.12003066000000001,686.7880356385235,,
0.120139284,687.0554094187527,,
0.120267372,687.6465846414934,,
0.120657016,688.4963512940178,,
0.120827264,688.388799321171,,
0.121309128,687.6473483241408,,
0.121485872,688.0406024607552,,
0.121572684,688.5107764106916,,
0.121641396,687.6602460755197,,
0.121759604,688.5201527365294,,
0.122060528,689.4000424268137,,
0.12212010400000001,689.6667373780228,,
0.12228773999999999,690.2864658464149,,
0.12248840400000001,689.4336020364871,,
0.12267542000000001,690.3143826898599,,
0.12276588399999999,690.6584641493423,,
0.123450536,690.4495545184557,,
0.123510904,691.1630886720408,,
0.124066124,692.0276198557489,,
0.124111052,691.9466270683072,,
0.124199256,691.1768349596946,,
0.12424933599999999,690.2997454391175,,
0.124264564,689.3736529486636,,
0.12433693999999999,688.4953330504878,,
0.12437917600000001,689.3552821383114,,
0.12456726,690.2075519728468,,
0.124642952,691.0661858294442,,
0.12467945999999999,691.4045820958846,,
0.124722072,691.920237590157,,
0.12501806399999998,692.7738650827323,,
0.125321664,692.4151463725075,,
0.125483044,693.6344929995757,,
0.12599734399999998,693.609206618583,,
0.126161736,694.4921934662707,,
0.12660047600000002,693.6399236317353,,
0.12665472,694.1976240984302,,
0.126745328,694.49932117098,,
0.12698183999999998,695.361391599491,,
0.127241344,694.5128128977514,,
0.127337244,694.6614764531183,,
0.12737975199999998,695.4145948239286,,
0.128016616,695.566058549003,,
0.12805413200000001,694.5308018667798,,
0.128053312,693.67123462028,,
0.12806774,692.8085702163768,,
0.12808066399999998,691.9550275774288,,
0.128074236,691.0887144675435,,
0.128087328,690.2232923207467,,
0.128104352,689.3736529486636,,
0.128435048,626.1126856173101,,
0.12846021600000002,626.9669919389054,,
0.128454076,627.8471361900721,,
0.12844492000000002,628.7074246924055,,
0.128470184,629.5994484514213,,
0.128490628,630.4592278319899,,
0.128478756,631.3552397114977,,
0.12849200400000002,632.2288078065337,,
0.128487196,633.0867204072973,,
0.128491136,633.9464573610522,,
0.128509044,634.8017819261773,,
0.128502904,635.6706830717013,,
0.128515768,636.5488756894357,,
0.128524932,637.4342808655069,,
0.128513156,638.3438693254136,,
0.128548564,639.203351718286,,
0.128533516,640.0589308442936,,
0.1285421,640.9285108188375,,
0.128571204,641.7986847687738,,
0.128566712,642.6491302503182,,
0.12856183200000001,643.5815443360203,,
0.128559016,644.4910055154858,,
0.128571196,645.4021637675011,,
0.12856924,646.2692829868477,,
0.128594076,647.1327110733984,,
0.128571548,648.00033941451,,
0.12859228,648.9068307170131,,
0.1286234,649.7760288502333,,
0.128616532,650.6330929147222,,
0.12860687199999998,651.4977513788714,,
0.128611164,652.3526092490454,,
0.12863523600000001,653.2438693254137,,
0.12863452,654.1383538396266,,
0.12862275199999998,654.9911752227407,,
0.12865282,655.8719134493,,
0.128657932,656.7330929147221,,
0.128646556,657.6742044972423,,
0.128677932,658.5801442511668,,
0.128669632,659.4303775986423,,
0.12867338,660.3443784471785,,
0.128674012,661.2212134068732,,
0.12869693599999998,662.0798048366568,,
0.12869752,662.942638947815,,
0.12869798799999999,663.7927874416631,,
0.128705452,664.7293169282987,,
0.128712948,665.6492575307594,,
0.128701288,666.5155706406449,,
0.12871774800000002,667.4436147645312,,
0.128746108,668.3020789138735,,
0.128747996,669.1794654221468,,
0.12873864,670.0400509121764,,
0.128759288,670.9153585065761,,
0.12875556,671.7876962240135,,
0.128763464,672.6675434874841,,
0.128756312,672.6667798048367,,
0.12876379999999998,673.5180313958422,,
0.128777512,674.3886720407297,,
0.128769064,675.2765379719983,,
0.128778364,676.1488756894357,,
0.128790072,677.0016122189223,,
0.128810404,677.8678404751803,,
0.128819228,678.724734832414,,
0.128830156,679.5912176495546,,
0.12881404800000001,680.492151039457,,
0.12882556,681.4062367416208,,
0.128839008,682.2650827322867,,
0.128843748,683.1345778532033,,
0.128856936,683.9896478574459,,
0.128864592,684.8434450572762,,
0.12889682,685.7420025456088,,
0.128879816,686.6882901994061,,
0.128882,687.5719983029275,,
0.12888712800000002,688.4311412812898,,
0.128893328,689.2862112855324,,
0.12890349199999998,690.1462028001697,,
0.128923284,690.9979210861264,,
0.128928336,691.8538396266441,,
0.128937244,692.7036062791684,,
0.12893628,693.5570640644887,,
0.12894477999999998,694.4064064488757,,
0.128955088,695.2858294442087,,
0.128975764,696.2183708103521,,
0.128976744,697.1414085702163,,
0.128995076,698.0021213406873,,
0.129003008,698.8696224013577,,
0.12901436,699.8072549851505,,
0.129028196,700.6884599066609,,
0.129045676,701.565549427238,,
0.12904121200000002,702.4315231226135,,
0.129048824,703.3029274501484,,
0.129051724,704.156342808655,,
0.129071724,705.0415782774714,,
0.12907242,705.9292320746712,,
0.129124708,706.8031395842172,,
0.129118072,707.6655070004242,,
0.129146968,708.5238862961392,,
0.129157248,709.182435299109,,
0.129158724,709.3888417479847,,
0.129186716,710.3017819261772,,
0.129210424,711.1641493423843,,
0.129222688,712.0146796775563,,
0.129247552,712.8643614764532,,
0.12928856,713.7155282138312,,
0.129303444,714.5847263470513,,
0.129354764,715.532117098006,,
0.12938777999999998,716.3812897751379,,
0.12941348,717.2373780229104,,
0.12947193199999998,718.1038184132371,,
0.1295218,718.9523546881628,,
0.129718828,719.5598218073823,,
0.1297476,719.8168010182435,,
0.130382164,720.1980483665676,,
0.130902548,718.9098430207893,,
0.131064176,718.4409843020788,,
0.1316689,718.054179041154,,
0.131738824,718.1174798472634,,
0.132410652,718.0467119219347,,
0.133081692,717.9701739499363,,
0.13372578799999998,717.7454391175222,,
0.13441008399999999,718.4335596096732,,
0.134800252,718.9097581671617,,
0.135047752,718.6246075519729,,
0.135735044,718.928256257955,,
0.136054992,719.7657615613068,,
0.136130256,720.6183708103521,,
0.13623786000000002,719.7654221467967,,
0.136383428,719.9859142978362,,
0.13663282399999999,718.8561306745862,,
0.13683076,717.9946966482817,,
0.137016848,718.854179041154,,
0.137001764,718.7253712346203,,
0.137147788,719.7440390326685,,
0.137366256,720.6159524819686,,
0.137683116,720.8529486635554,,
0.13791029999999999,721.5236741620704,,
0.138277424,720.6452694102672,,
0.138301412,719.930420025456,,
0.138309124,719.7881204921509,,
0.138368084,718.9238438693254,,
0.13866434,719.7730589732711,,
0.13878708,720.6338565973696,,
0.138931752,721.3078065337293,,
0.139039976,721.4866779804836,,
0.139571972,722.3693678404751,,
0.139609452,722.4054306321596,,
0.140112532,723.2373780229105,,
0.140282336,723.2877810776411,,
0.140859536,724.1214679677556,,
0.140963324,723.8099703012305,,
0.141095484,723.2523122613492,,
0.141301136,724.1061518879932,,
0.141617672,724.196308867204,,
0.1423256,724.3537547730166,,
0.14251938,724.9584217225287,,
0.143002604,725.1998727195587,,
0.143302612,725.8400933389902,,
0.14337842,724.9372507424692,,
0.14359724,725.8172252863809,,
0.14365732,725.6626644039032,,
0.14429942,726.0418752651676,,
0.14444274000000001,726.673228680526,,
0.145016268,726.8551124310563,,
0.145185116,727.5486635553669,,
0.145706644,727.9250318201102,,
0.146096164,728.4077216801018,,
0.146373472,728.0559609673313,,
0.146863584,729.2773016546457,,
0.14707614,728.717904115401,,
0.147073744,728.4180738226559,,
0.147320328,729.2884174798473,,
0.147743472,728.7786593126856,,
0.148416768,730.1637250742468,,
0.148414192,729.9241832838353,,
0.148476964,729.2447602885023,,
0.148888236,730.1311412812897,,
0.14908148000000002,730.154348748409,,
0.149381524,729.2601612218922,,
0.14971836,729.6727619855749,,
0.14976682800000002,730.1669495120916,,
0.15011380000000002,731.0828595672465,,
0.150399724,731.5583368689012,,
0.150856152,731.9352991090369,,
0.151018668,732.7896478574459,,
0.151060676,732.391472210437,,
0.15118064,731.9152312261349,,
0.151617964,732.7664403903267,,
0.15173502,732.8377598642343,,
0.152328804,733.6408994484515,,
0.15245139200000002,733.0243105642767,,
0.15245328,732.7813322019516,,
0.15275249600000002,733.6325413661434,,
0.15284444,732.7396690708528,,
0.152929076,731.8716588884175,,
0.15309416,732.0313534153585,,
0.15315985599999998,732.7579126007637,,
0.1533961,733.6330080610945,,
0.15374508,734.0569792108613,,
0.153988228,734.4836232498939,,
0.154410352,734.670725498515,,
0.155063364,734.6549002969876,,
0.155187348,735.3398812049214,,
0.155753872,734.776750106067,,
0.156384924,736.2349172677132,,
0.15641924,736.2492999575732,,
0.15710658,736.8244802715317,,
0.15737794,737.1280865507,,
0.15781584799999998,737.626771319474,,
0.158266384,737.9806957997455,,
0.15847432,738.157021637675,,
0.15912400399999999,738.8331353415358,,
0.1591704,738.8951209164193,,
0.159820908,738.650657615613,,
0.15997815199999998,739.707339838778,,
0.160323772,738.8573186253711,,
0.16047576800000002,739.706533729317,,
0.160546972,739.6373355960967,,
0.16122319999999998,740.0578701739499,,
0.161859836,740.5669070852779,,
0.161876448,740.5592702588035,,
0.162321052,739.716546457361,,
0.16249704399999998,739.1218498090793,,
0.16251039599999997,738.8248621128553,,
0.16264818000000003,739.6805685193042,,
0.162769316,740.5396690708528,,
0.1631139,741.4188375053033,,
0.163185388,741.653669919389,,
0.16358579599999998,742.2821383114128,,
0.163861372,741.7717861688587,,
0.164549332,742.1012303775987,,
0.16478700799999998,743.1425965210012,,
0.16526939200000001,743.045820958846,,
0.165946768,742.7403054730589,,
0.166217784,744.01302503182,,
0.16635961600000002,743.1326686465845,,
0.166580752,743.2556215528214,,
0.16720269999999998,744.0063640220619,,
0.16728338399999998,744.1523971149766,,
0.167404936,743.1432753500211,,
0.16747543199999998,742.2461603733559,,
0.167588312,743.1963937208316,,
0.167806588,744.0489605430632,,
0.167894136,744.3725498515062,,
0.168249244,744.957021637675,,
0.16854987999999999,745.8417479847265,,
0.16857048,745.7436571913449,,
0.169242916,745.7655070004242,,
0.16963224400000002,746.7337293169282,,
0.169821796,745.8332201951633,,
0.169935056,746.5586338565973,,
0.170014172,746.7085277895629,,
0.17063608,747.117225286381,,
0.1712998,747.6091641917692,,
0.171324596,747.4668222316504,,
0.17200031200000002,747.9923631735256,,
0.172682076,748.2469240560034,,
0.17269899200000002,748.4691557064065,,
0.172823412,747.6173101400085,,
0.17299946,748.4890538820534,,
0.173335496,748.4149766652524,,
0.1734548,747.6164616037336,,
0.173907908,748.4698345354265,,
0.174011764,748.7548578701739,,
0.17408077200000002,749.3208315655494,,
0.1744355,750.1757742893509,,
0.174624232,749.3188375053033,,
0.17468171999999998,749.5634705133645,,
0.174873352,750.2150190920662,,
0.1751729,749.339966058549,,
0.17523634000000002,748.4901145523971,,
0.17535665600000003,748.6114128128978,,
0.175608216,749.3750530335172,,
0.175865096,750.2556215528215,,
0.17600006,750.2128128977514,,
0.176700076,750.6664828171404,,
0.17706442,751.1126431904963,,
0.177349072,750.8982605006363,,
0.17756174000000002,751.9983877810776,,
0.17762682000000002,752.8585914297836,,
0.17767664,753.7157403478999,,
0.17778984,752.8425116673737,,
0.178084164,752.3408570216376,,
0.17821771600000003,751.9882477725923,,
0.17876152,752.5910903691133,,
0.17878174000000002,752.875095460331,,
0.178935584,752.0259652100127,,
0.179225348,752.8835383962664,,
0.179500256,753.0086550700042,,
0.180167008,753.3,,
0.180820924,753.8043275350021,,
0.180839216,753.8599915146373,,
0.181513692,753.940305473059,,
0.18211738400000002,752.9392023759015,,
0.18216606,752.801484938481,,
0.182466716,753.7907509546034,,
0.182768076,754.6494696648282,,
0.18282911200000002,755.0090369113278,,
0.183237056,755.5030547305896,,
0.18351402400000003,755.3882053457785,,
0.183988,756.3730589732711,,
0.184179192,756.0353839626645,,
0.184893552,756.5807806533729,,
0.185343496,757.2447178616886,,
0.18558000400000002,756.9230377598642,,
0.18625665600000002,757.390284259652,,
0.186921596,756.9995333050488,,
0.187612056,758.1302078913874,,
0.18761902,757.947984726347,,
0.188116608,757.2798472634705,,
0.188231868,756.8549002969877,,
0.18829902799999998,756.3790411540093,,
0.188466872,757.252015273653,,
0.188612212,758.1102248621128,,
0.18880039199999998,758.9589308442936,,
0.188894464,759.0404751803139,,
0.189286404,759.8245226983453,,
0.189579832,759.4153585065761,,
0.19033012400000002,759.9260500636401,,
0.190836256,760.7005091217649,,
0.191014232,759.9537971998303,,
0.19099008399999998,759.8023334747561,,
0.191614324,760.1308867204073,,
0.19180006,760.6613067458634,,
0.19233116,761.0159524819686,,
0.19248813599999998,761.5411540093339,,
0.19300754399999998,761.6104369961815,,
0.193303736,760.6860840050912,,
0.19347860399999997,761.5644463300806,,
0.19367746400000002,762.1261773440814,,
0.19370157200000002,762.4345354263894,,
0.1938484,761.5757318625372,,
0.19409114800000002,762.4408994484514,,
0.19434985999999999,761.923589308443,,
0.195054588,762.5864234196011,,
0.195550024,763.3468816291896,,
0.195747872,763.1348324140857,,
0.19642820400000002,763.4475604582095,,
0.196694108,762.481289775138,,
0.19680103200000001,761.6276622825625,,
0.19702337199999997,762.1361476453118,,
0.197121772,762.4809503606278,,
0.19721664400000002,763.3299957573186,,
0.19754295200000002,764.1847263470513,,
0.197721652,764.8598218073822,,
0.198390408,764.4321595248197,,
0.19847656400000002,765.078277471362,,
0.19876651599999998,764.2185405176072,,
0.198931772,765.0724649978787,,
0.199072112,764.9908358082307,,
0.19977396,765.4142129826049,,
0.200362568,765.9236317352567,,
0.200452024,765.6000424268137,,
0.20103158799999998,765.0588035638524,,
0.20109910800000003,764.7110733983878,,
0.201609724,765.9122189223589,,
0.201747244,766.3165040305473,,
0.201790732,766.7690284259652,,
0.202446728,766.8832414085701,,
0.202655676,767.6185829444208,,
0.202866324,766.7638099278744,,
0.203141364,767.2176495545184,,
0.203298396,767.6360627916844,,
0.20382536,768.0897327110733,,
0.204517556,767.8077641069156,,
0.20500295600000001,768.5046245226982,,
0.20522442000000002,768.2857021637675,,
0.20591001599999997,768.9439117522275,,
0.206583976,768.9093338990241,,
0.20671108400000002,769.3661009758166,,
0.207292308,770.0078913873567,,
0.207949732,769.9412812897751,,
0.20814598,770.2176919813321,,
0.20865577600000002,770.2057700466695,,
0.20901148,769.3349596945269,,
0.20922565599999998,770.2067458633857,,
0.209303988,770.5323292320746,,
0.20983038,771.0800593975392,,
0.20996389199999999,770.7375901569792,,
0.210652352,771.2375053033517,,
0.21130016399999998,771.9728468392025,,
0.211351816,771.7250318201103,,
0.21134973599999998,771.1229953330504,,
0.21142601200000002,770.2009758167161,,
0.21174436400000002,771.0568943572338,,
0.211938344,771.9081459482393,,
0.211988888,771.6688162918965,,
0.21242181599999999,772.784429359355,,
0.212702028,772.8795078489605,,
0.213360156,772.8174374204498,,
0.21408046800000002,772.7629613915996,,
0.21417400399999997,771.9253712346202,,
0.214631748,772.8462452269835,,
0.214719008,773.255197284684,,
0.215016116,773.7006788290199,,
0.21539118,773.5481968604157,,
0.216059476,774.0459906661009,,
0.216334668,774.557021637675,,
0.21677110800000002,775.4438268985999,,
0.21679022,775.4429783623249,,
0.21691576,774.582265591854,,
0.217467364,774.9629613915995,,
0.217674636,775.4615613067459,,
0.21819360799999998,775.6629189647857,,
0.21888401200000002,775.308358082308,,
0.219154548,776.3285108188375,,
0.21931740000000002,775.4450572761987,,
0.219578684,776.08595672465,,
0.2195776,776.2980907933814,,
0.220088216,775.4338990241832,,
0.22025508800000002,775.8056851930421,,
0.22051096,776.290963088672,,
0.220731412,775.4372083156555,,
0.22090865999999998,775.7635977938056,,
0.22108944,776.3049639372084,,
0.22154361600000003,777.186805260925,,
0.221615564,777.2154857870174,,
0.22228353599999998,777.4705133644463,,
0.222748164,778.0387356809504,,
0.223005104,777.4064913025032,,
0.22299164000000002,777.1606279168434,,
0.22320270399999997,778.0186677980485,,
0.22331924399999997,778.9452694102673,,
0.22343993999999998,778.0941875265167,,
0.22370407199999998,778.4077216801018,,
0.22439636400000001,778.1113279592702,,
0.22511312400000003,778.6347051336444,,
0.22577619599999998,778.3365719134493,,
0.226114024,778.951166737378,,
0.22615104800000002,778.072719558761,,
0.226318628,777.2240984302078,,
0.22643629199999998,777.1131523122614,,
0.226673964,778.0827322868053,,
0.227099856,778.4904539669071,,
0.22726844799999998,777.2173101400084,,
0.227576808,778.1075943996606,,
0.227674368,778.9570640644888,,
0.227691688,779.1384386932542,,
0.22786234,779.8259652100127,,
0.22838766,780.3095460330929,,
0.22872614,780.749172677132,,
0.229097692,780.693635977938,,
0.229799844,780.5445905812473,,
0.230483972,781.0929571489181,,
0.231170312,781.3156130674587,,
0.231318132,781.6079762409843,,
0.23186000799999998,781.4350445481543,,
0.232594948,782.3882477725923,,
0.232614156,782.4698345354263,,
0.232738436,781.6124310564277,,
0.232994576,782.4759015697921,,
0.233281344,782.1649978786594,,
0.23394514,782.6514212982605,,
0.23465898400000001,782.436614340263,,
0.23536066000000003,783.0322443784471,,
0.23542755199999998,783.35719134493,,
0.23554102,782.4775562155281,,
0.23576608799999998,783.345990666101,,
0.236056956,783.2408994484515,,
0.236765768,784.0211709800594,,
0.237423876,784.201824352991,,
0.237461968,784.5859567246499,,
0.23770427600000002,783.334959694527,,
0.23788278399999999,784.1927025880356,,
0.238167516,784.1733135341536,,
0.238862344,784.5385659736954,,
0.239567564,784.3365719134492,,
0.239925176,785.0417479847264,,
0.24026718,784.6112431056428,,
0.240402812,784.1283835383962,,
0.24060102400000002,783.2652948663555,,
0.24087451999999998,784.1294866355537,,
0.24090126,784.2081035214255,,
0.24109724,784.9901994060247,,
0.24120723600000002,784.0755197284684,,
0.241542036,784.0731862537123,,
0.24160146799999999,784.9403903266864,,
0.24176098,785.7896054306323,,
0.242212124,785.5174374204497,,
0.24293230000000002,786.2998727195587,,
0.243465424,786.6386932541367,,
0.243631896,786.4656767076792,,
0.24434814400000002,786.5741620704285,,
0.24459640400000002,785.7791260076367,,
0.245001964,785.6542638947815,,
0.245224704,786.6559185405176,,
0.24570238,786.9042002545608,,
0.245911028,787.568052609249,,
0.24641284800000002,787.0393720831565,,
0.247082272,786.9636826474332,,
0.247373504,788.4352142554095,,
0.247480736,787.5727619855749,,
0.247824232,787.8190496393721,,
0.248526668,787.7371658888418,,
0.24924180799999998,788.1965634280866,,
0.249344196,788.4410267288927,,
0.249912968,788.0386932541367,,
0.250621148,788.6167585914297,,
0.251037732,789.3157403478998,,
0.251348856,789.0145099703012,,
0.252048208,788.9909206618582,,
0.252779676,789.8535426389478,,
0.25349926,789.4681374628765,,
0.253787612,788.4414085702163,,
0.254147548,788.576750106067,,
0.254233168,789.2900296987696,,
0.25482234800000003,790.1462028001697,,
0.25481359600000003,789.9828171404328,,
0.255514316,790.1172252863809,,
0.255990316,791.0085702163767,,
0.256171208,790.1128128977513,,
0.256212904,789.9097157403478,,
0.25623104,789.2603733559608,,
0.256625784,790.1272380144251,,
0.256773032,791.0249893932966,,
0.256899604,790.5302078913872,,
0.257223396,791.8775137887145,,
0.25753072800000004,791.0022910479422,,
0.257586116,790.9247348324142,,
0.258295784,791.0136190072125,,
0.258569716,791.8789987271956,,
0.259016668,791.7719134492999,,
0.259709796,791.7709376325838,,
0.26040124800000003,791.7136614340262,,
0.26098154,792.7526516758592,,
0.26108822,791.8918540517607,,
0.261104852,791.9595248196861,,
0.261465112,792.765379719983,,
0.26181329600000003,792.4859991514637,,
0.26231847599999997,793.6147645311837,,
0.262518636,792.7494272380144,,
0.26254568,792.9591429783623,,
0.263058204,791.8710224862114,,
0.2632238,791.9782774713619,,
0.2633852,792.7432753500211,,
0.263825968,793.5977089520578,,
0.263935968,793.5484938481119,,
0.26466778,793.6261349172677,,
0.265255336,792.6983453542639,,
0.26534366800000003,792.7894357233771,,
0.26551063599999997,793.5921510394569,,
0.26606241199999997,793.6920661858294,,
0.26678894,793.8935086974968,,
0.267176112,792.7421298260501,,
0.26743906,792.6738226559186,,
0.26761007200000003,793.5995333050488,,
0.267921964,794.4923207467119,,
0.268143044,794.3977513788715,,
0.268860016,794.6257955027578,,
0.269599188,795.1161221892236,,
0.27028492,794.9250318201103,,
0.2706184,795.3588884174799,,
0.270975972,794.853160797624,,
0.271385688,794.5097157403479,,
0.271495496,793.6572761985575,,
0.271651288,793.8038608400508,,
0.27181657600000003,794.5126007636826,,
0.272160472,795.3885871871023,,
0.272380256,796.0329232074671,,
0.272744196,796.2591429783623,,
0.273099364,796.1037759864234,,
0.273158244,795.4092066185829,,
0.273615304,796.2800169707255,,
0.273799688,796.0795078489606,,
0.274515916,795.9411964361476,,
0.274829196,795.430929147221,,
0.275174696,796.3092914722104,,
0.275234068,796.2001697072549,,
0.275932408,796.3025880356385,,
0.276675664,796.6369961815868,,
0.277391948,797.2335596096732,,
0.277381152,797.0854900296988,,
0.27811305999999997,797.0393296563428,,
0.278794252,796.996817988969,,
0.27954834,797.4207467119219,,
0.280295084,797.3304200254562,,
0.28071704799999997,796.3556215528213,,
0.280954476,795.874246924056,,
0.2816243,796.8900721255834,,
0.28189518,797.2067882901994,,
0.28228092,798.0733135341536,,
0.28231923999999997,797.8651675859143,,
0.28306255199999997,798.3454391175222,,
0.283791544,798.4372507424692,,
0.284191016,799.0020789138736,,
0.284524232,798.8805685193042,,
0.285029696,798.1138311412814,,
0.285136224,798.9655070004242,,
0.28523422400000004,799.2675434874841,,
0.285964928,798.6498090793381,,
0.28615913200000004,798.0970725498515,,
0.286254348,798.9487059821807,,
0.286691492,799.0368689011455,,
0.28685667200000003,798.0921086126432,,
0.286999664,797.2333899024184,,
0.28717390000000004,798.1512940178193,,
0.287362784,798.8535850657615,,
0.28740497600000003,799.0338990241833,,
0.28811452800000004,799.5077641069156,,
0.28882702,799.1893508697497,,
0.289519024,798.9524395417905,,
0.29023908800000003,799.5336444633009,,
0.290865192,799.9107339838778,,
0.290976124,799.7617734408145,,
0.29152713599999996,800.7871446754349,,
0.291710188,799.9336444633009,,
0.291706904,799.9331353415358,,
0.292461052,800.2066610097581,,
0.293175088,800.462367416207,,
0.293901348,799.877598642342,,
0.294540464,799.0843445057277,,
0.294597416,798.9975816716164,,
0.295014132,799.9591429783624,,
0.29530512000000003,800.3322868052609,,
0.295966892,800.8152312261349,,
0.2960334,800.7490878235044,,
0.296748504,801.2775137887145,,
0.297518884,801.0337293169283,,
0.29824856,800.768901145524,,
0.29834972400000004,801.6764531183708,,
0.298967532,800.8015697921086,,
0.299003164,801.0231226134918,,
0.299290124,801.6847263470513,,
0.29956024,800.8148069579976,,
0.299727384,801.0562155282138,,
0.300294436,799.9358506576157,,
0.300440904,800.2788290199406,,
0.300754568,800.7941875265168,,
0.301120452,801.2085702163768,,
0.301199492,801.664191769198,,
0.301891784,801.7394993635978,,
0.30241756399999997,800.7910479422995,,
0.302567884,800.5885871871022,,
0.302984732,801.6462028001697,,
0.303305568,801.8537547730165,,
0.30348484,802.5134492999575,,
0.30399378,801.6504030547306,,
0.304060592,802.0162494696649,,
0.304562664,802.5323716588883,,
0.30481790400000003,802.2341960118795,,
0.305533868,801.8992787441663,,
0.30557396000000003,801.6768349596946,,
0.305735932,802.5344929995757,,
0.306154556,801.5809079338142,,
0.306267224,801.8389478150191,,
0.306399172,802.4607551972847,,
0.307018756,802.4309291472209,,
0.307758752,802.6199406024608,,
0.308247452,803.3266016122188,,
0.308354072,802.4504030547306,,
0.308483544,801.9998727195587,,
0.308565672,801.517734408146,,
0.308966028,802.3900721255833,,
0.309197616,802.560203648706,,
0.309961664,802.8877386508273,,
0.31046606,803.2418328383538,,
0.310706216,802.9445057276198,,
0.31081726,802.3481544336021,,
0.311099644,803.198175647009,,
0.311443388,802.7423419601188,,
0.312177696,803.1162070428511,,
0.312906664,803.8583368689011,,
0.31361824,804.0471361900721,,
0.31367513599999997,803.7194739075096,,
0.313826696,803.17123462028,,
0.314452152,803.5153585065761,,
0.314990292,804.0336020364871,,
0.31519083200000003,803.7603309291472,,
0.315441248,803.1641069155706,,
0.315963956,803.8353839626644,,
0.31669838,803.3117946542216,,
0.317234784,804.0691557064064,,
0.317289392,803.1640220619432,,
0.317456684,803.745142129826,,
0.318171272,804.013873568095,,
0.3181909,803.5856597369537,,
0.318372496,803.1396690708527,,
0.318559684,802.284768773865,,
0.31878473199999996,803.153839626644,,
0.3188702,803.8029274501484,,
0.318933716,804.0213406873144,,
0.319616052,803.5113279592701,,
0.319685324,803.1619431480694,,
0.32017498000000005,804.018879932117,,
0.320391348,804.5306321595248,,
0.320952032,804.8830717013153,,
0.321131324,804.6006788290199,,
0.321262892,804.0235893084429,,
0.3218758,803.5236741620704,,
0.32262348,803.7860840050913,,
0.322694892,803.1710649130249,,
0.323323976,804.025753075944,,
0.32331306400000004,804.0915994908781,,
0.32406398799999997,803.9838778107764,,
0.324176596,804.8849809079338,,
0.32482795600000003,804.6095036062792,,
0.32559578,804.5243529910904,,
0.326358376,804.4519304200255,,
0.327125204,804.6097581671615,,
0.32789234,804.4097581671616,,
0.32865246,804.782774713619,,
0.329412192,804.8173525668221,,
0.330204504,805.0092490453967,,
0.330982588,805.1814594823928,,
0.33174224799999996,805.0705133644462,,
0.33248962400000004,804.8831565549427,,
0.33328556,805.1327959270259,,
0.334064064,805.2119643614765,,
0.33481861199999996,804.505685193042,,
0.33520705999999995,804.0294017819263,,
0.33529850000000005,804.8816716164616,,
0.33549949599999995,805.7367416207043,,
0.335574072,805.572422571065,,
0.336344452,805.1851930420025,,
0.336479456,804.8877810776411,,
0.336822816,805.7492575307593,,
0.33712471200000005,805.3201527365295,,
0.337237168,804.8775986423419,,
0.33739746,803.9999575731862,,
0.33771556799999997,804.865888841748,,
0.33782646,804.9393296563427,,
0.33860916,805.4398387781077,,
0.338678816,805.7297836232499,,
0.339381408,805.3257106491302,,
0.33944606800000005,804.8732711073399,,
0.34011527999999996,805.5545184556639,,
0.340329628,805.7727195587611,,
0.340883904,805.8517607127704,,
0.34167202,805.7041578277472,,
0.342419664,805.694314806958,,
0.343226584,805.6463300806109,,
0.344033128,805.7697072549851,,
0.34479541599999997,805.5411540093339,,
0.345600624,806.1774289350869,,
0.346395416,805.6759864234195,,
0.347213668,805.6344081459482,,
0.347998276,805.5302503182012,,
0.348765604,805.2218073822656,,
0.34881351600000005,804.9083156554942,,
0.349011268,805.804369961816,,
0.349550744,805.4961815867628,,
0.350351904,806.0561731014001,,
0.351130524,806.1146796775562,,
0.351374472,804.9533305048791,,
0.351381532,804.0946117946542,,
0.351392404,803.2398387781078,,
0.35140316,802.3847687738651,,
0.351418192,801.5293593551123,,
0.351421624,800.6250318201103,,
0.35142181200000006,799.7756894357234,,
0.3514233,798.9106491302504,,
0.35144962399999996,798.0497666525243,,
0.351450388,797.1881629189647,,
0.35146110399999997,796.3347051336444,,
0.35146316400000005,795.4797199830292,,
0.3514814,794.5526092490454,,
0.351486092,793.6374628765379,,
0.351496352,792.7413661434026,,
0.351512872,791.8912600763683,,
